2026-08-10 08:31:53 - INFO - A01 | Train:179 Val:38 Test:39
2026-08-10 08:31:58 - INFO - 
==== Start Train Fixed A01 ====
2026-08-10 08:31:59 - INFO - A01 Epoch 01 | Train Acc:0.2458 Val Acc:0.2632
2026-08-10 08:32:00 - INFO - A01 Epoch 02 | Train Acc:0.3911 Val Acc:0.3421
2026-08-10 08:32:00 - INFO - A01 Epoch 03 | Train Acc:0.4302 Val Acc:0.3421
2026-08-10 08:32:00 - INFO - A01 Epoch 04 | Train Acc:0.5028 Val Acc:0.3947
2026-08-10 08:32:00 - INFO - A01 Epoch 05 | Train Acc:0.4469 Val Acc:0.4737
2026-08-10 08:32:01 - INFO - A01 Epoch 06 | Train Acc:0.4693 Val Acc:0.5000
2026-08-10 08:32:01 - INFO - A01 Epoch 07 | Train Acc:0.4469 Val Acc:0.3947
2026-08-10 08:32:01 - INFO - A01 Epoch 08 | Train Acc:0.4581 Val Acc:0.5263
2026-08-10 08:32:01 - INFO - A01 Epoch 09 | Train Acc:0.4860 Val Acc:0.4737
2026-08-10 08:32:02 - INFO - A01 Epoch 10 | Train Acc:0.5251 Val Acc:0.4474
2026-08-10 08:32:02 - INFO - A01 Epoch 11 | Train Acc:0.4972 Val Acc:0.4737
2026-08-10 08:32:02 - INFO - A01 Epoch 12 | Train Acc:0.5363 Val Acc:0.4211
2026-08-10 08:32:02 - INFO - A01 Epoch 13 | Train Acc:0.4916 Val Acc:0.5000
2026-08-10 08:32:03 - INFO - A01 Epoch 14 | Train Acc:0.4860 Val Acc:0.5000
2026-08-10 08:32:03 - INFO - A01 Epoch 15 | Train Acc:0.5140 Val Acc:0.4737
2026-08-10 08:32:03 - INFO - A01 Epoch 16 | Train Acc:0.5363 Val Acc:0.4737
2026-08-10 08:32:03 - INFO - A01 Epoch 17 | Train Acc:0.5140 Val Acc:0.4737
2026-08-10 08:32:04 - INFO - A01 Epoch 18 | Train Acc:0.5419 Val Acc:0.4737
2026-08-10 08:32:04 - INFO - A01 Epoch 19 | Train Acc:0.5307 Val Acc:0.4737
2026-08-10 08:32:04 - INFO - A01 Epoch 20 | Train Acc:0.4804 Val Acc:0.5000
2026-08-10 08:32:04 - INFO - A01 Epoch 21 | Train Acc:0.4693 Val Acc:0.5000
2026-08-10 08:32:05 - INFO - A01 Epoch 22 | Train Acc:0.5196 Val Acc:0.4737
2026-08-10 08:32:05 - INFO - A01 Epoch 23 | Train Acc:0.4860 Val Acc:0.5000
2026-08-10 08:32:05 - INFO - A01 Epoch 24 | Train Acc:0.4860 Val Acc:0.5000
2026-08-10 08:32:05 - INFO - A01 Epoch 25 | Train Acc:0.4916 Val Acc:0.4474
2026-08-10 08:32:06 - INFO - A01 Epoch 26 | Train Acc:0.4860 Val Acc:0.4737
2026-08-10 08:32:06 - INFO - A01 Epoch 27 | Train Acc:0.5531 Val Acc:0.4211
2026-08-10 08:32:06 - INFO - A01 Epoch 28 | Train Acc:0.5475 Val Acc:0.5000
2026-08-10 08:32:06 - INFO - A01 Epoch 29 | Train Acc:0.5196 Val Acc:0.4737
2026-08-10 08:32:07 - INFO - A01 Epoch 30 | Train Acc:0.5251 Val Acc:0.4474
2026-08-10 08:32:07 - INFO - A01 Epoch 31 | Train Acc:0.5363 Val Acc:0.3684
2026-08-10 08:32:07 - INFO - A01 Epoch 32 | Train Acc:0.5363 Val Acc:0.5000
2026-08-10 08:32:07 - INFO - A01 Epoch 33 | Train Acc:0.5307 Val Acc:0.3947
2026-08-10 08:32:08 - INFO - A01 Epoch 34 | Train Acc:0.5363 Val Acc:0.4474
2026-08-10 08:32:08 - INFO - A01 Epoch 35 | Train Acc:0.5754 Val Acc:0.4474
2026-08-10 08:32:08 - INFO - A01 Epoch 36 | Train Acc:0.6369 Val Acc:0.4737
2026-08-10 08:32:08 - INFO - A01 Epoch 37 | Train Acc:0.5531 Val Acc:0.4211
2026-08-10 08:32:09 - INFO - A01 Epoch 38 | Train Acc:0.5866 Val Acc:0.4737
2026-08-10 08:32:09 - INFO - A01 Epoch 39 | Train Acc:0.6201 Val Acc:0.5000
2026-08-10 08:32:09 - INFO - A01 Epoch 40 | Train Acc:0.5531 Val Acc:0.4474
2026-08-10 08:32:09 - INFO - A01 Epoch 41 | Train Acc:0.5978 Val Acc:0.4474
2026-08-10 08:32:10 - INFO - A01 Epoch 42 | Train Acc:0.6313 Val Acc:0.5000
2026-08-10 08:32:10 - INFO - A01 Epoch 43 | Train Acc:0.6034 Val Acc:0.4211
2026-08-10 08:32:10 - INFO - A01 Epoch 44 | Train Acc:0.6425 Val Acc:0.5000
2026-08-10 08:32:10 - INFO - A01 Epoch 45 | Train Acc:0.6145 Val Acc:0.4737
2026-08-10 08:32:11 - INFO - A01 Epoch 46 | Train Acc:0.5922 Val Acc:0.4474
2026-08-10 08:32:11 - INFO - A01 Epoch 47 | Train Acc:0.5922 Val Acc:0.4211
2026-08-10 08:32:11 - INFO - A01 Epoch 48 | Train Acc:0.6648 Val Acc:0.4211
2026-08-10 08:32:11 - INFO - A01 Epoch 49 | Train Acc:0.6313 Val Acc:0.4737
2026-08-10 08:32:11 - INFO - A01 Epoch 50 | Train Acc:0.6480 Val Acc:0.4737
2026-08-10 08:32:12 - INFO - A01 Epoch 51 | Train Acc:0.5754 Val Acc:0.4737
2026-08-10 08:32:12 - INFO - A01 Epoch 52 | Train Acc:0.6201 Val Acc:0.4474
2026-08-10 08:32:12 - INFO - A01 Epoch 53 | Train Acc:0.6034 Val Acc:0.4211
2026-08-10 08:32:12 - INFO - A01 Epoch 54 | Train Acc:0.6592 Val Acc:0.4474
2026-08-10 08:32:13 - INFO - A01 Epoch 55 | Train Acc:0.6089 Val Acc:0.4474
2026-08-10 08:32:13 - INFO - A01 Epoch 56 | Train Acc:0.6536 Val Acc:0.4474
2026-08-10 08:32:13 - INFO - A01 Epoch 57 | Train Acc:0.6145 Val Acc:0.4474
2026-08-10 08:32:13 - INFO - A01 Epoch 58 | Train Acc:0.5922 Val Acc:0.4474
2026-08-10 08:32:14 - INFO - A01 Epoch 59 | Train Acc:0.5922 Val Acc:0.4474
2026-08-10 08:32:14 - INFO - A01 Epoch 60 | Train Acc:0.6201 Val Acc:0.4474
2026-08-10 08:32:14 - INFO - A01 Epoch 61 | Train Acc:0.6201 Val Acc:0.4474
2026-08-10 08:32:14 - INFO - A01 Epoch 62 | Train Acc:0.6648 Val Acc:0.5263
2026-08-10 08:32:15 - INFO - A01 Epoch 63 | Train Acc:0.6257 Val Acc:0.5263
2026-08-10 08:32:15 - INFO - A01 Epoch 64 | Train Acc:0.6536 Val Acc:0.5263
2026-08-10 08:32:15 - INFO - A01 Epoch 65 | Train Acc:0.5978 Val Acc:0.5000
2026-08-10 08:32:15 - INFO - A01 Epoch 66 | Train Acc:0.6089 Val Acc:0.5000
2026-08-10 08:32:16 - INFO - A01 Epoch 67 | Train Acc:0.6089 Val Acc:0.5263
2026-08-10 08:32:16 - INFO - A01 Epoch 68 | Train Acc:0.5978 Val Acc:0.5263
2026-08-10 08:32:16 - INFO - A01 Epoch 69 | Train Acc:0.6089 Val Acc:0.5000
2026-08-10 08:32:16 - INFO - A01 Epoch 70 | Train Acc:0.6369 Val Acc:0.4474
2026-08-10 08:32:17 - INFO - A01 Epoch 71 | Train Acc:0.6034 Val Acc:0.4474
2026-08-10 08:32:17 - INFO - A01 Epoch 72 | Train Acc:0.6034 Val Acc:0.4211
2026-08-10 08:32:17 - INFO - A01 Epoch 73 | Train Acc:0.6760 Val Acc:0.4737
2026-08-10 08:32:17 - INFO - A01 Epoch 74 | Train Acc:0.6145 Val Acc:0.3684
2026-08-10 08:32:17 - INFO - A01 Epoch 75 | Train Acc:0.6034 Val Acc:0.5526
2026-08-10 08:32:18 - INFO - A01 Epoch 76 | Train Acc:0.6648 Val Acc:0.4737
2026-08-10 08:32:18 - INFO - A01 Epoch 77 | Train Acc:0.6145 Val Acc:0.4474
2026-08-10 08:32:18 - INFO - A01 Epoch 78 | Train Acc:0.5698 Val Acc:0.5000
2026-08-10 08:32:18 - INFO - A01 Epoch 79 | Train Acc:0.6536 Val Acc:0.5526
2026-08-10 08:32:19 - INFO - A01 Epoch 80 | Train Acc:0.6257 Val Acc:0.4211
2026-08-10 08:32:19 - INFO - A01 Epoch 81 | Train Acc:0.6760 Val Acc:0.5789
2026-08-10 08:32:19 - INFO - A01 Epoch 82 | Train Acc:0.5978 Val Acc:0.5526
2026-08-10 08:32:19 - INFO - A01 Epoch 83 | Train Acc:0.6760 Val Acc:0.5000
2026-08-10 08:32:20 - INFO - A01 Epoch 84 | Train Acc:0.6536 Val Acc:0.5789
2026-08-10 08:32:20 - INFO - A01 Epoch 85 | Train Acc:0.6369 Val Acc:0.5000
2026-08-10 08:32:20 - INFO - A01 Epoch 86 | Train Acc:0.6425 Val Acc:0.5526
2026-08-10 08:32:20 - INFO - A01 Epoch 87 | Train Acc:0.6760 Val Acc:0.5526
2026-08-10 08:32:21 - INFO - A01 Epoch 88 | Train Acc:0.6480 Val Acc:0.4737
2026-08-10 08:32:21 - INFO - A01 Epoch 89 | Train Acc:0.7151 Val Acc:0.5263
2026-08-10 08:32:21 - INFO - A01 Epoch 90 | Train Acc:0.6089 Val Acc:0.4474
2026-08-10 08:32:21 - INFO - A01 Epoch 91 | Train Acc:0.6648 Val Acc:0.5526
2026-08-10 08:32:22 - INFO - A01 Epoch 92 | Train Acc:0.6816 Val Acc:0.5263
2026-08-10 08:32:22 - INFO - A01 Epoch 93 | Train Acc:0.6760 Val Acc:0.5000
2026-08-10 08:32:22 - INFO - A01 Epoch 94 | Train Acc:0.6983 Val Acc:0.5263
2026-08-10 08:32:22 - INFO - A01 Epoch 95 | Train Acc:0.7095 Val Acc:0.5789
2026-08-10 08:32:23 - INFO - A01 Epoch 96 | Train Acc:0.6536 Val Acc:0.4737
2026-08-10 08:32:23 - INFO - A01 Epoch 97 | Train Acc:0.6369 Val Acc:0.5263
2026-08-10 08:32:23 - INFO - A01 Epoch 98 | Train Acc:0.6592 Val Acc:0.5263
2026-08-10 08:32:23 - INFO - A01 Epoch 99 | Train Acc:0.7151 Val Acc:0.4737
2026-08-10 08:32:24 - INFO - A01 Epoch 100 | Train Acc:0.6480 Val Acc:0.4737
2026-08-10 08:32:26 - INFO - A01 Fixed Train Finished | Test Acc = 0.5897
2026-08-10 08:32:26 - INFO - A02 | Train:191 Val:41 Test:41
2026-08-10 08:32:26 - INFO - 
==== Start Train Fixed A02 ====
2026-08-10 08:32:27 - INFO - A02 Epoch 01 | Train Acc:0.2513 Val Acc:0.2195
2026-08-10 08:32:27 - INFO - A02 Epoch 02 | Train Acc:0.2094 Val Acc:0.2195
2026-08-10 08:32:27 - INFO - A02 Epoch 03 | Train Acc:0.2827 Val Acc:0.2683
2026-08-10 08:32:28 - INFO - A02 Epoch 04 | Train Acc:0.1937 Val Acc:0.2195
2026-08-10 08:32:28 - INFO - A02 Epoch 05 | Train Acc:0.2775 Val Acc:0.2439
2026-08-10 08:32:28 - INFO - A02 Epoch 06 | Train Acc:0.2775 Val Acc:0.2683
2026-08-10 08:32:28 - INFO - A02 Epoch 07 | Train Acc:0.2827 Val Acc:0.2195
2026-08-10 08:32:29 - INFO - A02 Epoch 08 | Train Acc:0.3089 Val Acc:0.1951
2026-08-10 08:32:29 - INFO - A02 Epoch 09 | Train Acc:0.2880 Val Acc:0.2439
2026-08-10 08:32:29 - INFO - A02 Epoch 10 | Train Acc:0.3141 Val Acc:0.1951
2026-08-10 08:32:29 - INFO - A02 Epoch 11 | Train Acc:0.2775 Val Acc:0.1951
2026-08-10 08:32:30 - INFO - A02 Epoch 12 | Train Acc:0.2723 Val Acc:0.2683
2026-08-10 08:32:30 - INFO - A02 Epoch 13 | Train Acc:0.3089 Val Acc:0.2683
2026-08-10 08:32:30 - INFO - A02 Epoch 14 | Train Acc:0.3089 Val Acc:0.2439
2026-08-10 08:32:30 - INFO - A02 Epoch 15 | Train Acc:0.3455 Val Acc:0.3415
2026-08-10 08:32:31 - INFO - A02 Epoch 16 | Train Acc:0.3770 Val Acc:0.3659
2026-08-10 08:32:31 - INFO - A02 Epoch 17 | Train Acc:0.3455 Val Acc:0.3171
2026-08-10 08:32:31 - INFO - A02 Epoch 18 | Train Acc:0.3403 Val Acc:0.3415
2026-08-10 08:32:31 - INFO - A02 Epoch 19 | Train Acc:0.3403 Val Acc:0.3659
2026-08-10 08:32:32 - INFO - A02 Epoch 20 | Train Acc:0.3141 Val Acc:0.3659
2026-08-10 08:32:32 - INFO - A02 Epoch 21 | Train Acc:0.2984 Val Acc:0.2683
2026-08-10 08:32:32 - INFO - A02 Epoch 22 | Train Acc:0.3246 Val Acc:0.2927
2026-08-10 08:32:32 - INFO - A02 Epoch 23 | Train Acc:0.3089 Val Acc:0.3415
2026-08-10 08:32:33 - INFO - A02 Epoch 24 | Train Acc:0.3455 Val Acc:0.2195
2026-08-10 08:32:33 - INFO - A02 Epoch 25 | Train Acc:0.2775 Val Acc:0.2927
2026-08-10 08:32:33 - INFO - A02 Epoch 26 | Train Acc:0.3194 Val Acc:0.2927
2026-08-10 08:32:33 - INFO - A02 Epoch 27 | Train Acc:0.3089 Val Acc:0.2927
2026-08-10 08:32:34 - INFO - A02 Epoch 28 | Train Acc:0.3037 Val Acc:0.1951
2026-08-10 08:32:34 - INFO - A02 Epoch 29 | Train Acc:0.3351 Val Acc:0.3171
2026-08-10 08:32:34 - INFO - A02 Epoch 30 | Train Acc:0.3508 Val Acc:0.2195
2026-08-10 08:32:34 - INFO - A02 Epoch 31 | Train Acc:0.3403 Val Acc:0.3415
2026-08-10 08:32:35 - INFO - A02 Epoch 32 | Train Acc:0.2984 Val Acc:0.2439
2026-08-10 08:32:35 - INFO - A02 Epoch 33 | Train Acc:0.3246 Val Acc:0.3415
2026-08-10 08:32:35 - INFO - A02 Epoch 34 | Train Acc:0.3089 Val Acc:0.2683
2026-08-10 08:32:35 - INFO - A02 Epoch 35 | Train Acc:0.3403 Val Acc:0.2927
2026-08-10 08:32:36 - INFO - A02 Epoch 36 | Train Acc:0.3508 Val Acc:0.2683
2026-08-10 08:32:36 - INFO - A02 Epoch 37 | Train Acc:0.3141 Val Acc:0.3171
2026-08-10 08:32:36 - INFO - A02 Epoch 38 | Train Acc:0.3613 Val Acc:0.3415
2026-08-10 08:32:36 - INFO - A02 Epoch 39 | Train Acc:0.3613 Val Acc:0.2683
2026-08-10 08:32:37 - INFO - A02 Epoch 40 | Train Acc:0.3403 Val Acc:0.2927
2026-08-10 08:32:37 - INFO - A02 Epoch 41 | Train Acc:0.3298 Val Acc:0.3659
2026-08-10 08:32:37 - INFO - A02 Epoch 42 | Train Acc:0.3665 Val Acc:0.3415
2026-08-10 08:32:37 - INFO - A02 Epoch 43 | Train Acc:0.3822 Val Acc:0.2683
2026-08-10 08:32:38 - INFO - A02 Epoch 44 | Train Acc:0.3351 Val Acc:0.2683
2026-08-10 08:32:38 - INFO - A02 Epoch 45 | Train Acc:0.3822 Val Acc:0.2683
2026-08-10 08:32:38 - INFO - A02 Epoch 46 | Train Acc:0.3770 Val Acc:0.2683
2026-08-10 08:32:38 - INFO - A02 Epoch 47 | Train Acc:0.3717 Val Acc:0.3171
2026-08-10 08:32:39 - INFO - A02 Epoch 48 | Train Acc:0.3770 Val Acc:0.3659
2026-08-10 08:32:39 - INFO - A02 Epoch 49 | Train Acc:0.3246 Val Acc:0.3902
2026-08-10 08:32:39 - INFO - A02 Epoch 50 | Train Acc:0.3560 Val Acc:0.3659
2026-08-10 08:32:39 - INFO - A02 Epoch 51 | Train Acc:0.3613 Val Acc:0.3415
2026-08-10 08:32:40 - INFO - A02 Epoch 52 | Train Acc:0.3194 Val Acc:0.3415
2026-08-10 08:32:40 - INFO - A02 Epoch 53 | Train Acc:0.3246 Val Acc:0.3659
2026-08-10 08:32:40 - INFO - A02 Epoch 54 | Train Acc:0.3717 Val Acc:0.3171
2026-08-10 08:32:41 - INFO - A02 Epoch 55 | Train Acc:0.3717 Val Acc:0.3171
2026-08-10 08:32:41 - INFO - A02 Epoch 56 | Train Acc:0.3560 Val Acc:0.3171
2026-08-10 08:32:41 - INFO - A02 Epoch 57 | Train Acc:0.3455 Val Acc:0.3171
2026-08-10 08:32:41 - INFO - A02 Epoch 58 | Train Acc:0.3717 Val Acc:0.3171
2026-08-10 08:32:42 - INFO - A02 Epoch 59 | Train Acc:0.3822 Val Acc:0.3171
2026-08-10 08:32:42 - INFO - A02 Epoch 60 | Train Acc:0.4136 Val Acc:0.3171
2026-08-10 08:32:42 - INFO - A02 Epoch 61 | Train Acc:0.3613 Val Acc:0.3415
2026-08-10 08:32:42 - INFO - A02 Epoch 62 | Train Acc:0.3455 Val Acc:0.2927
2026-08-10 08:32:43 - INFO - A02 Epoch 63 | Train Acc:0.3089 Val Acc:0.3171
2026-08-10 08:32:43 - INFO - A02 Epoch 64 | Train Acc:0.3560 Val Acc:0.3171
2026-08-10 08:32:43 - INFO - A02 Epoch 65 | Train Acc:0.3770 Val Acc:0.3415
2026-08-10 08:32:43 - INFO - A02 Epoch 66 | Train Acc:0.3717 Val Acc:0.3415
2026-08-10 08:32:44 - INFO - A02 Epoch 67 | Train Acc:0.3717 Val Acc:0.2683
2026-08-10 08:32:44 - INFO - A02 Epoch 68 | Train Acc:0.3927 Val Acc:0.3171
2026-08-10 08:32:44 - INFO - A02 Epoch 69 | Train Acc:0.3665 Val Acc:0.3415
2026-08-10 08:32:44 - INFO - A02 Epoch 70 | Train Acc:0.3037 Val Acc:0.2683
2026-08-10 08:32:45 - INFO - A02 Epoch 71 | Train Acc:0.3403 Val Acc:0.3415
2026-08-10 08:32:45 - INFO - A02 Epoch 72 | Train Acc:0.3770 Val Acc:0.2927
2026-08-10 08:32:45 - INFO - A02 Epoch 73 | Train Acc:0.3874 Val Acc:0.2927
2026-08-10 08:32:45 - INFO - A02 Epoch 74 | Train Acc:0.4031 Val Acc:0.2683
2026-08-10 08:32:46 - INFO - A02 Epoch 75 | Train Acc:0.3874 Val Acc:0.3415
2026-08-10 08:32:46 - INFO - A02 Epoch 76 | Train Acc:0.4136 Val Acc:0.2927
2026-08-10 08:32:46 - INFO - A02 Epoch 77 | Train Acc:0.3979 Val Acc:0.3415
2026-08-10 08:32:46 - INFO - A02 Epoch 78 | Train Acc:0.4293 Val Acc:0.4146
2026-08-10 08:32:47 - INFO - A02 Epoch 79 | Train Acc:0.3822 Val Acc:0.2195
2026-08-10 08:32:47 - INFO - A02 Epoch 80 | Train Acc:0.4136 Val Acc:0.3902
2026-08-10 08:32:47 - INFO - A02 Epoch 81 | Train Acc:0.3979 Val Acc:0.3171
2026-08-10 08:32:47 - INFO - A02 Epoch 82 | Train Acc:0.4450 Val Acc:0.3415
2026-08-10 08:32:48 - INFO - A02 Epoch 83 | Train Acc:0.4188 Val Acc:0.3659
2026-08-10 08:32:48 - INFO - A02 Epoch 84 | Train Acc:0.3613 Val Acc:0.3902
2026-08-10 08:32:48 - INFO - A02 Epoch 85 | Train Acc:0.3927 Val Acc:0.3171
2026-08-10 08:32:48 - INFO - A02 Epoch 86 | Train Acc:0.3665 Val Acc:0.3171
2026-08-10 08:32:49 - INFO - A02 Epoch 87 | Train Acc:0.4660 Val Acc:0.3415
2026-08-10 08:32:49 - INFO - A02 Epoch 88 | Train Acc:0.3979 Val Acc:0.3415
2026-08-10 08:32:49 - INFO - A02 Epoch 89 | Train Acc:0.4084 Val Acc:0.3415
2026-08-10 08:32:49 - INFO - A02 Epoch 90 | Train Acc:0.4398 Val Acc:0.2683
2026-08-10 08:32:50 - INFO - A02 Epoch 91 | Train Acc:0.4607 Val Acc:0.3171
2026-08-10 08:32:50 - INFO - A02 Epoch 92 | Train Acc:0.4764 Val Acc:0.3171
2026-08-10 08:32:50 - INFO - A02 Epoch 93 | Train Acc:0.4450 Val Acc:0.2927
2026-08-10 08:32:50 - INFO - A02 Epoch 94 | Train Acc:0.4503 Val Acc:0.3171
2026-08-10 08:32:51 - INFO - A02 Epoch 95 | Train Acc:0.4712 Val Acc:0.2683
2026-08-10 08:32:51 - INFO - A02 Epoch 96 | Train Acc:0.4607 Val Acc:0.3659
2026-08-10 08:32:51 - INFO - A02 Epoch 97 | Train Acc:0.4241 Val Acc:0.3902
2026-08-10 08:32:51 - INFO - A02 Epoch 98 | Train Acc:0.4555 Val Acc:0.3171
2026-08-10 08:32:52 - INFO - A02 Epoch 99 | Train Acc:0.4241 Val Acc:0.3171
2026-08-10 08:32:52 - INFO - A02 Epoch 100 | Train Acc:0.4555 Val Acc:0.3171
2026-08-10 08:32:53 - INFO - A02 Fixed Train Finished | Test Acc = 0.3415
2026-08-10 08:32:53 - INFO - A03 | Train:196 Val:42 Test:43
2026-08-10 08:32:53 - INFO - 
==== Start Train Fixed A03 ====
2026-08-10 08:32:54 - INFO - A03 Epoch 01 | Train Acc:0.3367 Val Acc:0.2619
2026-08-10 08:32:54 - INFO - A03 Epoch 02 | Train Acc:0.3112 Val Acc:0.2857
2026-08-10 08:32:54 - INFO - A03 Epoch 03 | Train Acc:0.4490 Val Acc:0.3810
2026-08-10 08:32:55 - INFO - A03 Epoch 04 | Train Acc:0.4235 Val Acc:0.5476
2026-08-10 08:32:55 - INFO - A03 Epoch 05 | Train Acc:0.4388 Val Acc:0.4524
2026-08-10 08:32:55 - INFO - A03 Epoch 06 | Train Acc:0.5102 Val Acc:0.4524
2026-08-10 08:32:55 - INFO - A03 Epoch 07 | Train Acc:0.4949 Val Acc:0.4524
2026-08-10 08:32:56 - INFO - A03 Epoch 08 | Train Acc:0.4898 Val Acc:0.4048
2026-08-10 08:32:56 - INFO - A03 Epoch 09 | Train Acc:0.5051 Val Acc:0.4048
2026-08-10 08:32:56 - INFO - A03 Epoch 10 | Train Acc:0.5867 Val Acc:0.4762
2026-08-10 08:32:56 - INFO - A03 Epoch 11 | Train Acc:0.5612 Val Acc:0.4762
2026-08-10 08:32:57 - INFO - A03 Epoch 12 | Train Acc:0.5306 Val Acc:0.4762
2026-08-10 08:32:57 - INFO - A03 Epoch 13 | Train Acc:0.5561 Val Acc:0.4762
2026-08-10 08:32:57 - INFO - A03 Epoch 14 | Train Acc:0.5459 Val Acc:0.4048
2026-08-10 08:32:58 - INFO - A03 Epoch 15 | Train Acc:0.5408 Val Acc:0.4524
2026-08-10 08:32:58 - INFO - A03 Epoch 16 | Train Acc:0.5306 Val Acc:0.4762
2026-08-10 08:32:58 - INFO - A03 Epoch 17 | Train Acc:0.5867 Val Acc:0.4762
2026-08-10 08:32:58 - INFO - A03 Epoch 18 | Train Acc:0.5357 Val Acc:0.4762
2026-08-10 08:32:59 - INFO - A03 Epoch 19 | Train Acc:0.5510 Val Acc:0.4762
2026-08-10 08:32:59 - INFO - A03 Epoch 20 | Train Acc:0.5357 Val Acc:0.4762
2026-08-10 08:32:59 - INFO - A03 Epoch 21 | Train Acc:0.5357 Val Acc:0.4286
2026-08-10 08:33:00 - INFO - A03 Epoch 22 | Train Acc:0.5612 Val Acc:0.4762
2026-08-10 08:33:00 - INFO - A03 Epoch 23 | Train Acc:0.6071 Val Acc:0.4762
2026-08-10 08:33:00 - INFO - A03 Epoch 24 | Train Acc:0.5969 Val Acc:0.4762
2026-08-10 08:33:00 - INFO - A03 Epoch 25 | Train Acc:0.5663 Val Acc:0.4524
2026-08-10 08:33:01 - INFO - A03 Epoch 26 | Train Acc:0.5663 Val Acc:0.4524
2026-08-10 08:33:01 - INFO - A03 Epoch 27 | Train Acc:0.6071 Val Acc:0.3810
2026-08-10 08:33:01 - INFO - A03 Epoch 28 | Train Acc:0.5255 Val Acc:0.5476
2026-08-10 08:33:01 - INFO - A03 Epoch 29 | Train Acc:0.5459 Val Acc:0.4762
2026-08-10 08:33:02 - INFO - A03 Epoch 30 | Train Acc:0.5816 Val Acc:0.3333
2026-08-10 08:33:02 - INFO - A03 Epoch 31 | Train Acc:0.5816 Val Acc:0.5238
2026-08-10 08:33:02 - INFO - A03 Epoch 32 | Train Acc:0.6327 Val Acc:0.4524
2026-08-10 08:33:03 - INFO - A03 Epoch 33 | Train Acc:0.6071 Val Acc:0.5238
2026-08-10 08:33:03 - INFO - A03 Epoch 34 | Train Acc:0.6837 Val Acc:0.5000
2026-08-10 08:33:03 - INFO - A03 Epoch 35 | Train Acc:0.6480 Val Acc:0.4762
2026-08-10 08:33:03 - INFO - A03 Epoch 36 | Train Acc:0.6378 Val Acc:0.5476
2026-08-10 08:33:04 - INFO - A03 Epoch 37 | Train Acc:0.6327 Val Acc:0.5238
2026-08-10 08:33:04 - INFO - A03 Epoch 38 | Train Acc:0.6173 Val Acc:0.4286
2026-08-10 08:33:04 - INFO - A03 Epoch 39 | Train Acc:0.6173 Val Acc:0.5238
2026-08-10 08:33:04 - INFO - A03 Epoch 40 | Train Acc:0.6429 Val Acc:0.4286
2026-08-10 08:33:05 - INFO - A03 Epoch 41 | Train Acc:0.6888 Val Acc:0.4762
2026-08-10 08:33:05 - INFO - A03 Epoch 42 | Train Acc:0.6276 Val Acc:0.5000
2026-08-10 08:33:05 - INFO - A03 Epoch 43 | Train Acc:0.6531 Val Acc:0.4762
2026-08-10 08:33:06 - INFO - A03 Epoch 44 | Train Acc:0.6531 Val Acc:0.4524
2026-08-10 08:33:06 - INFO - A03 Epoch 45 | Train Acc:0.6837 Val Acc:0.5238
2026-08-10 08:33:06 - INFO - A03 Epoch 46 | Train Acc:0.6071 Val Acc:0.5000
2026-08-10 08:33:06 - INFO - A03 Epoch 47 | Train Acc:0.6633 Val Acc:0.4286
2026-08-10 08:33:07 - INFO - A03 Epoch 48 | Train Acc:0.6735 Val Acc:0.5000
2026-08-10 08:33:07 - INFO - A03 Epoch 49 | Train Acc:0.6684 Val Acc:0.4762
2026-08-10 08:33:07 - INFO - A03 Epoch 50 | Train Acc:0.6990 Val Acc:0.4762
2026-08-10 08:33:08 - INFO - A03 Epoch 51 | Train Acc:0.6582 Val Acc:0.4286
2026-08-10 08:33:08 - INFO - A03 Epoch 52 | Train Acc:0.6429 Val Acc:0.4524
2026-08-10 08:33:08 - INFO - A03 Epoch 53 | Train Acc:0.6173 Val Acc:0.4524
2026-08-10 08:33:08 - INFO - A03 Epoch 54 | Train Acc:0.6633 Val Acc:0.5000
2026-08-10 08:33:09 - INFO - A03 Epoch 55 | Train Acc:0.6888 Val Acc:0.5000
2026-08-10 08:33:09 - INFO - A03 Epoch 56 | Train Acc:0.6480 Val Acc:0.5238
2026-08-10 08:33:09 - INFO - A03 Epoch 57 | Train Acc:0.6531 Val Acc:0.5238
2026-08-10 08:33:09 - INFO - A03 Epoch 58 | Train Acc:0.6327 Val Acc:0.4762
2026-08-10 08:33:10 - INFO - A03 Epoch 59 | Train Acc:0.6990 Val Acc:0.5000
2026-08-10 08:33:10 - INFO - A03 Epoch 60 | Train Acc:0.6378 Val Acc:0.4524
2026-08-10 08:33:10 - INFO - A03 Epoch 61 | Train Acc:0.6327 Val Acc:0.5000
2026-08-10 08:33:11 - INFO - A03 Epoch 62 | Train Acc:0.6786 Val Acc:0.4524
2026-08-10 08:33:11 - INFO - A03 Epoch 63 | Train Acc:0.6480 Val Acc:0.4762
2026-08-10 08:33:11 - INFO - A03 Epoch 64 | Train Acc:0.6990 Val Acc:0.3810
2026-08-10 08:33:11 - INFO - A03 Epoch 65 | Train Acc:0.6480 Val Acc:0.5476
2026-08-10 08:33:12 - INFO - A03 Epoch 66 | Train Acc:0.6173 Val Acc:0.4048
2026-08-10 08:33:12 - INFO - A03 Epoch 67 | Train Acc:0.6480 Val Acc:0.5000
2026-08-10 08:33:12 - INFO - A03 Epoch 68 | Train Acc:0.6735 Val Acc:0.4286
2026-08-10 08:33:13 - INFO - A03 Epoch 69 | Train Acc:0.6378 Val Acc:0.5952
2026-08-10 08:33:13 - INFO - A03 Epoch 70 | Train Acc:0.6633 Val Acc:0.4286
2026-08-10 08:33:13 - INFO - A03 Epoch 71 | Train Acc:0.6939 Val Acc:0.6190
2026-08-10 08:33:13 - INFO - A03 Epoch 72 | Train Acc:0.6582 Val Acc:0.4524
2026-08-10 08:33:14 - INFO - A03 Epoch 73 | Train Acc:0.6480 Val Acc:0.5238
2026-08-10 08:33:14 - INFO - A03 Epoch 74 | Train Acc:0.6582 Val Acc:0.4524
2026-08-10 08:33:14 - INFO - A03 Epoch 75 | Train Acc:0.6786 Val Acc:0.4762
2026-08-10 08:33:14 - INFO - A03 Epoch 76 | Train Acc:0.6939 Val Acc:0.4762
2026-08-10 08:33:15 - INFO - A03 Epoch 77 | Train Acc:0.6429 Val Acc:0.4524
2026-08-10 08:33:15 - INFO - A03 Epoch 78 | Train Acc:0.7092 Val Acc:0.4286
2026-08-10 08:33:15 - INFO - A03 Epoch 79 | Train Acc:0.7092 Val Acc:0.4524
2026-08-10 08:33:16 - INFO - A03 Epoch 80 | Train Acc:0.6786 Val Acc:0.4286
2026-08-10 08:33:16 - INFO - A03 Epoch 81 | Train Acc:0.6837 Val Acc:0.4048
2026-08-10 08:33:16 - INFO - A03 Epoch 82 | Train Acc:0.7092 Val Acc:0.4524
2026-08-10 08:33:16 - INFO - A03 Epoch 83 | Train Acc:0.6888 Val Acc:0.4762
2026-08-10 08:33:17 - INFO - A03 Epoch 84 | Train Acc:0.6837 Val Acc:0.4524
2026-08-10 08:33:17 - INFO - A03 Epoch 85 | Train Acc:0.7449 Val Acc:0.4524
2026-08-10 08:33:17 - INFO - A03 Epoch 86 | Train Acc:0.7347 Val Acc:0.4524
2026-08-10 08:33:18 - INFO - A03 Epoch 87 | Train Acc:0.7092 Val Acc:0.5952
2026-08-10 08:33:18 - INFO - A03 Epoch 88 | Train Acc:0.7347 Val Acc:0.4286
2026-08-10 08:33:18 - INFO - A03 Epoch 89 | Train Acc:0.7143 Val Acc:0.4524
2026-08-10 08:33:18 - INFO - A03 Epoch 90 | Train Acc:0.7143 Val Acc:0.4048
2026-08-10 08:33:19 - INFO - A03 Epoch 91 | Train Acc:0.7551 Val Acc:0.5238
2026-08-10 08:33:19 - INFO - A03 Epoch 92 | Train Acc:0.7194 Val Acc:0.4524
2026-08-10 08:33:19 - INFO - A03 Epoch 93 | Train Acc:0.6990 Val Acc:0.5476
2026-08-10 08:33:19 - INFO - A03 Epoch 94 | Train Acc:0.6480 Val Acc:0.5238
2026-08-10 08:33:20 - INFO - A03 Epoch 95 | Train Acc:0.7500 Val Acc:0.4048
2026-08-10 08:33:20 - INFO - A03 Epoch 96 | Train Acc:0.6786 Val Acc:0.4524
2026-08-10 08:33:20 - INFO - A03 Epoch 97 | Train Acc:0.7296 Val Acc:0.4524
2026-08-10 08:33:21 - INFO - A03 Epoch 98 | Train Acc:0.7143 Val Acc:0.5000
2026-08-10 08:33:21 - INFO - A03 Epoch 99 | Train Acc:0.7194 Val Acc:0.3810
2026-08-10 08:33:21 - INFO - A03 Epoch 100 | Train Acc:0.6837 Val Acc:0.5000
2026-08-10 08:33:22 - INFO - A03 Fixed Train Finished | Test Acc = 0.6279
2026-08-10 08:33:23 - INFO - A04 | Train:191 Val:41 Test:42
2026-08-10 08:33:23 - INFO - 
==== Start Train Fixed A04 ====
2026-08-10 08:33:23 - INFO - A04 Epoch 01 | Train Acc:0.2042 Val Acc:0.3171
2026-08-10 08:33:23 - INFO - A04 Epoch 02 | Train Acc:0.2932 Val Acc:0.4146
2026-08-10 08:33:23 - INFO - A04 Epoch 03 | Train Acc:0.2984 Val Acc:0.3171
2026-08-10 08:33:24 - INFO - A04 Epoch 04 | Train Acc:0.2775 Val Acc:0.2439
2026-08-10 08:33:24 - INFO - A04 Epoch 05 | Train Acc:0.2618 Val Acc:0.5366
2026-08-10 08:33:24 - INFO - A04 Epoch 06 | Train Acc:0.3089 Val Acc:0.4390
2026-08-10 08:33:24 - INFO - A04 Epoch 07 | Train Acc:0.3403 Val Acc:0.4878
2026-08-10 08:33:25 - INFO - A04 Epoch 08 | Train Acc:0.3665 Val Acc:0.4634
2026-08-10 08:33:25 - INFO - A04 Epoch 09 | Train Acc:0.3455 Val Acc:0.3659
2026-08-10 08:33:25 - INFO - A04 Epoch 10 | Train Acc:0.3717 Val Acc:0.4146
2026-08-10 08:33:25 - INFO - A04 Epoch 11 | Train Acc:0.4031 Val Acc:0.5610
2026-08-10 08:33:26 - INFO - A04 Epoch 12 | Train Acc:0.3979 Val Acc:0.4878
2026-08-10 08:33:26 - INFO - A04 Epoch 13 | Train Acc:0.3455 Val Acc:0.4390
2026-08-10 08:33:26 - INFO - A04 Epoch 14 | Train Acc:0.4241 Val Acc:0.3902
2026-08-10 08:33:26 - INFO - A04 Epoch 15 | Train Acc:0.4188 Val Acc:0.4634
2026-08-10 08:33:27 - INFO - A04 Epoch 16 | Train Acc:0.3613 Val Acc:0.4878
2026-08-10 08:33:27 - INFO - A04 Epoch 17 | Train Acc:0.3927 Val Acc:0.4878
2026-08-10 08:33:27 - INFO - A04 Epoch 18 | Train Acc:0.3979 Val Acc:0.4634
2026-08-10 08:33:27 - INFO - A04 Epoch 19 | Train Acc:0.3874 Val Acc:0.4634
2026-08-10 08:33:28 - INFO - A04 Epoch 20 | Train Acc:0.3979 Val Acc:0.4634
2026-08-10 08:33:28 - INFO - A04 Epoch 21 | Train Acc:0.4031 Val Acc:0.4878
2026-08-10 08:33:28 - INFO - A04 Epoch 22 | Train Acc:0.3455 Val Acc:0.2683
2026-08-10 08:33:28 - INFO - A04 Epoch 23 | Train Acc:0.3717 Val Acc:0.4634
2026-08-10 08:33:29 - INFO - A04 Epoch 24 | Train Acc:0.4555 Val Acc:0.3902
2026-08-10 08:33:29 - INFO - A04 Epoch 25 | Train Acc:0.4450 Val Acc:0.4878
2026-08-10 08:33:29 - INFO - A04 Epoch 26 | Train Acc:0.4398 Val Acc:0.4390
2026-08-10 08:33:29 - INFO - A04 Epoch 27 | Train Acc:0.4031 Val Acc:0.3902
2026-08-10 08:33:30 - INFO - A04 Epoch 28 | Train Acc:0.3717 Val Acc:0.4878
2026-08-10 08:33:30 - INFO - A04 Epoch 29 | Train Acc:0.3874 Val Acc:0.4878
2026-08-10 08:33:30 - INFO - A04 Epoch 30 | Train Acc:0.4031 Val Acc:0.4146
2026-08-10 08:33:30 - INFO - A04 Epoch 31 | Train Acc:0.3822 Val Acc:0.3659
2026-08-10 08:33:31 - INFO - A04 Epoch 32 | Train Acc:0.3874 Val Acc:0.4634
2026-08-10 08:33:31 - INFO - A04 Epoch 33 | Train Acc:0.4346 Val Acc:0.4634
2026-08-10 08:33:31 - INFO - A04 Epoch 34 | Train Acc:0.3979 Val Acc:0.5122
2026-08-10 08:33:31 - INFO - A04 Epoch 35 | Train Acc:0.4084 Val Acc:0.4390
2026-08-10 08:33:32 - INFO - A04 Epoch 36 | Train Acc:0.4293 Val Acc:0.4390
2026-08-10 08:33:32 - INFO - A04 Epoch 37 | Train Acc:0.4136 Val Acc:0.5122
2026-08-10 08:33:32 - INFO - A04 Epoch 38 | Train Acc:0.4293 Val Acc:0.3902
2026-08-10 08:33:32 - INFO - A04 Epoch 39 | Train Acc:0.4555 Val Acc:0.4634
2026-08-10 08:33:33 - INFO - A04 Epoch 40 | Train Acc:0.4450 Val Acc:0.5122
2026-08-10 08:33:33 - INFO - A04 Epoch 41 | Train Acc:0.4764 Val Acc:0.4878
2026-08-10 08:33:33 - INFO - A04 Epoch 42 | Train Acc:0.4241 Val Acc:0.5122
2026-08-10 08:33:33 - INFO - A04 Epoch 43 | Train Acc:0.4974 Val Acc:0.3902
2026-08-10 08:33:34 - INFO - A04 Epoch 44 | Train Acc:0.4293 Val Acc:0.4146
2026-08-10 08:33:34 - INFO - A04 Epoch 45 | Train Acc:0.4869 Val Acc:0.4878
2026-08-10 08:33:34 - INFO - A04 Epoch 46 | Train Acc:0.4450 Val Acc:0.4390
2026-08-10 08:33:34 - INFO - A04 Epoch 47 | Train Acc:0.4555 Val Acc:0.5122
2026-08-10 08:33:35 - INFO - A04 Epoch 48 | Train Acc:0.4817 Val Acc:0.4878
2026-08-10 08:33:35 - INFO - A04 Epoch 49 | Train Acc:0.4503 Val Acc:0.4878
2026-08-10 08:33:35 - INFO - A04 Epoch 50 | Train Acc:0.4660 Val Acc:0.4390
2026-08-10 08:33:35 - INFO - A04 Epoch 51 | Train Acc:0.4764 Val Acc:0.4146
2026-08-10 08:33:36 - INFO - A04 Epoch 52 | Train Acc:0.4974 Val Acc:0.4390
2026-08-10 08:33:36 - INFO - A04 Epoch 53 | Train Acc:0.5183 Val Acc:0.4390
2026-08-10 08:33:36 - INFO - A04 Epoch 54 | Train Acc:0.4241 Val Acc:0.4878
2026-08-10 08:33:36 - INFO - A04 Epoch 55 | Train Acc:0.4974 Val Acc:0.5122
2026-08-10 08:33:37 - INFO - A04 Epoch 56 | Train Acc:0.5183 Val Acc:0.4878
2026-08-10 08:33:37 - INFO - A04 Epoch 57 | Train Acc:0.4136 Val Acc:0.4878
2026-08-10 08:33:37 - INFO - A04 Epoch 58 | Train Acc:0.4869 Val Acc:0.4878
2026-08-10 08:33:37 - INFO - A04 Epoch 59 | Train Acc:0.5131 Val Acc:0.4878
2026-08-10 08:33:38 - INFO - A04 Epoch 60 | Train Acc:0.5183 Val Acc:0.4878
2026-08-10 08:33:38 - INFO - A04 Epoch 61 | Train Acc:0.4660 Val Acc:0.5366
2026-08-10 08:33:38 - INFO - A04 Epoch 62 | Train Acc:0.5026 Val Acc:0.3415
2026-08-10 08:33:38 - INFO - A04 Epoch 63 | Train Acc:0.4450 Val Acc:0.5122
2026-08-10 08:33:39 - INFO - A04 Epoch 64 | Train Acc:0.4031 Val Acc:0.5366
2026-08-10 08:33:39 - INFO - A04 Epoch 65 | Train Acc:0.4136 Val Acc:0.2683
2026-08-10 08:33:39 - INFO - A04 Epoch 66 | Train Acc:0.3927 Val Acc:0.5122
2026-08-10 08:33:39 - INFO - A04 Epoch 67 | Train Acc:0.4293 Val Acc:0.4634
2026-08-10 08:33:40 - INFO - A04 Epoch 68 | Train Acc:0.4555 Val Acc:0.5122
2026-08-10 08:33:40 - INFO - A04 Epoch 69 | Train Acc:0.5288 Val Acc:0.3659
2026-08-10 08:33:40 - INFO - A04 Epoch 70 | Train Acc:0.5393 Val Acc:0.4878
2026-08-10 08:33:40 - INFO - A04 Epoch 71 | Train Acc:0.5079 Val Acc:0.4878
2026-08-10 08:33:41 - INFO - A04 Epoch 72 | Train Acc:0.4503 Val Acc:0.4390
2026-08-10 08:33:41 - INFO - A04 Epoch 73 | Train Acc:0.4764 Val Acc:0.5122
2026-08-10 08:33:41 - INFO - A04 Epoch 74 | Train Acc:0.4712 Val Acc:0.4390
2026-08-10 08:33:41 - INFO - A04 Epoch 75 | Train Acc:0.4660 Val Acc:0.4146
2026-08-10 08:33:42 - INFO - A04 Epoch 76 | Train Acc:0.4712 Val Acc:0.4634
2026-08-10 08:33:42 - INFO - A04 Epoch 77 | Train Acc:0.5236 Val Acc:0.4390
2026-08-10 08:33:42 - INFO - A04 Epoch 78 | Train Acc:0.5183 Val Acc:0.5122
2026-08-10 08:33:42 - INFO - A04 Epoch 79 | Train Acc:0.5026 Val Acc:0.4146
2026-08-10 08:33:43 - INFO - A04 Epoch 80 | Train Acc:0.4869 Val Acc:0.4634
2026-08-10 08:33:43 - INFO - A04 Epoch 81 | Train Acc:0.5288 Val Acc:0.4634
2026-08-10 08:33:43 - INFO - A04 Epoch 82 | Train Acc:0.4974 Val Acc:0.5122
2026-08-10 08:33:43 - INFO - A04 Epoch 83 | Train Acc:0.5236 Val Acc:0.3659
2026-08-10 08:33:44 - INFO - A04 Epoch 84 | Train Acc:0.5079 Val Acc:0.4634
2026-08-10 08:33:44 - INFO - A04 Epoch 85 | Train Acc:0.5393 Val Acc:0.4146
2026-08-10 08:33:44 - INFO - A04 Epoch 86 | Train Acc:0.5131 Val Acc:0.4878
2026-08-10 08:33:44 - INFO - A04 Epoch 87 | Train Acc:0.5079 Val Acc:0.4634
2026-08-10 08:33:45 - INFO - A04 Epoch 88 | Train Acc:0.5497 Val Acc:0.3902
2026-08-10 08:33:45 - INFO - A04 Epoch 89 | Train Acc:0.5026 Val Acc:0.4634
2026-08-10 08:33:45 - INFO - A04 Epoch 90 | Train Acc:0.4660 Val Acc:0.4146
2026-08-10 08:33:45 - INFO - A04 Epoch 91 | Train Acc:0.5550 Val Acc:0.4146
2026-08-10 08:33:46 - INFO - A04 Epoch 92 | Train Acc:0.5812 Val Acc:0.4634
2026-08-10 08:33:46 - INFO - A04 Epoch 93 | Train Acc:0.5131 Val Acc:0.4634
2026-08-10 08:33:46 - INFO - A04 Epoch 94 | Train Acc:0.5812 Val Acc:0.4146
2026-08-10 08:33:46 - INFO - A04 Epoch 95 | Train Acc:0.5288 Val Acc:0.4390
2026-08-10 08:33:47 - INFO - A04 Epoch 96 | Train Acc:0.5026 Val Acc:0.4146
2026-08-10 08:33:47 - INFO - A04 Epoch 97 | Train Acc:0.5812 Val Acc:0.5122
2026-08-10 08:33:47 - INFO - A04 Epoch 98 | Train Acc:0.5079 Val Acc:0.3902
2026-08-10 08:33:47 - INFO - A04 Epoch 99 | Train Acc:0.5812 Val Acc:0.5366
2026-08-10 08:33:48 - INFO - A04 Epoch 100 | Train Acc:0.5236 Val Acc:0.4390
2026-08-10 08:33:49 - INFO - A04 Fixed Train Finished | Test Acc = 0.3333
2026-08-10 08:33:49 - INFO - A05 | Train:124 Val:27 Test:27
2026-08-10 08:33:49 - INFO - 
==== Start Train Fixed A05 ====
2026-08-10 08:33:49 - INFO - A05 Epoch 01 | Train Acc:0.2419 Val Acc:0.3333
2026-08-10 08:33:50 - INFO - A05 Epoch 02 | Train Acc:0.3145 Val Acc:0.2593
2026-08-10 08:33:50 - INFO - A05 Epoch 03 | Train Acc:0.3387 Val Acc:0.0741
2026-08-10 08:33:50 - INFO - A05 Epoch 04 | Train Acc:0.4032 Val Acc:0.1111
2026-08-10 08:33:50 - INFO - A05 Epoch 05 | Train Acc:0.3548 Val Acc:0.1481
2026-08-10 08:33:50 - INFO - A05 Epoch 06 | Train Acc:0.3790 Val Acc:0.2222
2026-08-10 08:33:50 - INFO - A05 Epoch 07 | Train Acc:0.3871 Val Acc:0.1852
2026-08-10 08:33:51 - INFO - A05 Epoch 08 | Train Acc:0.4032 Val Acc:0.1111
2026-08-10 08:33:51 - INFO - A05 Epoch 09 | Train Acc:0.3790 Val Acc:0.1852
2026-08-10 08:33:51 - INFO - A05 Epoch 10 | Train Acc:0.4435 Val Acc:0.2222
2026-08-10 08:33:51 - INFO - A05 Epoch 11 | Train Acc:0.4355 Val Acc:0.2222
2026-08-10 08:33:51 - INFO - A05 Epoch 12 | Train Acc:0.4194 Val Acc:0.2222
2026-08-10 08:33:51 - INFO - A05 Epoch 13 | Train Acc:0.4516 Val Acc:0.2593
2026-08-10 08:33:52 - INFO - A05 Epoch 14 | Train Acc:0.3871 Val Acc:0.1852
2026-08-10 08:33:52 - INFO - A05 Epoch 15 | Train Acc:0.4516 Val Acc:0.1852
2026-08-10 08:33:52 - INFO - A05 Epoch 16 | Train Acc:0.4274 Val Acc:0.1852
2026-08-10 08:33:52 - INFO - A05 Epoch 17 | Train Acc:0.4274 Val Acc:0.2222
2026-08-10 08:33:52 - INFO - A05 Epoch 18 | Train Acc:0.4355 Val Acc:0.2222
2026-08-10 08:33:52 - INFO - A05 Epoch 19 | Train Acc:0.4194 Val Acc:0.2222
2026-08-10 08:33:53 - INFO - A05 Epoch 20 | Train Acc:0.3952 Val Acc:0.2222
2026-08-10 08:33:53 - INFO - A05 Epoch 21 | Train Acc:0.4113 Val Acc:0.2222
2026-08-10 08:33:53 - INFO - A05 Epoch 22 | Train Acc:0.4355 Val Acc:0.2593
2026-08-10 08:33:53 - INFO - A05 Epoch 23 | Train Acc:0.4516 Val Acc:0.1852
2026-08-10 08:33:53 - INFO - A05 Epoch 24 | Train Acc:0.4839 Val Acc:0.2222
2026-08-10 08:33:53 - INFO - A05 Epoch 25 | Train Acc:0.4839 Val Acc:0.2222
2026-08-10 08:33:54 - INFO - A05 Epoch 26 | Train Acc:0.4516 Val Acc:0.2593
2026-08-10 08:33:54 - INFO - A05 Epoch 27 | Train Acc:0.4113 Val Acc:0.1481
2026-08-10 08:33:54 - INFO - A05 Epoch 28 | Train Acc:0.4516 Val Acc:0.1852
2026-08-10 08:33:54 - INFO - A05 Epoch 29 | Train Acc:0.4274 Val Acc:0.2593
2026-08-10 08:33:54 - INFO - A05 Epoch 30 | Train Acc:0.5000 Val Acc:0.2963
2026-08-10 08:33:54 - INFO - A05 Epoch 31 | Train Acc:0.4758 Val Acc:0.1481
2026-08-10 08:33:55 - INFO - A05 Epoch 32 | Train Acc:0.5000 Val Acc:0.2222
2026-08-10 08:33:55 - INFO - A05 Epoch 33 | Train Acc:0.4516 Val Acc:0.2963
2026-08-10 08:33:55 - INFO - A05 Epoch 34 | Train Acc:0.3952 Val Acc:0.2593
2026-08-10 08:33:55 - INFO - A05 Epoch 35 | Train Acc:0.4194 Val Acc:0.1111
2026-08-10 08:33:55 - INFO - A05 Epoch 36 | Train Acc:0.4919 Val Acc:0.2593
2026-08-10 08:33:55 - INFO - A05 Epoch 37 | Train Acc:0.4355 Val Acc:0.2222
2026-08-10 08:33:56 - INFO - A05 Epoch 38 | Train Acc:0.5161 Val Acc:0.1111
2026-08-10 08:33:56 - INFO - A05 Epoch 39 | Train Acc:0.5161 Val Acc:0.1111
2026-08-10 08:33:56 - INFO - A05 Epoch 40 | Train Acc:0.5645 Val Acc:0.2222
2026-08-10 08:33:56 - INFO - A05 Epoch 41 | Train Acc:0.5242 Val Acc:0.2222
2026-08-10 08:33:56 - INFO - A05 Epoch 42 | Train Acc:0.5242 Val Acc:0.2222
2026-08-10 08:33:56 - INFO - A05 Epoch 43 | Train Acc:0.5161 Val Acc:0.1481
2026-08-10 08:33:56 - INFO - A05 Epoch 44 | Train Acc:0.5081 Val Acc:0.1852
2026-08-10 08:33:57 - INFO - A05 Epoch 45 | Train Acc:0.5242 Val Acc:0.2222
2026-08-10 08:33:57 - INFO - A05 Epoch 46 | Train Acc:0.5484 Val Acc:0.2222
2026-08-10 08:33:57 - INFO - A05 Epoch 47 | Train Acc:0.5161 Val Acc:0.1852
2026-08-10 08:33:57 - INFO - A05 Epoch 48 | Train Acc:0.5081 Val Acc:0.1481
2026-08-10 08:33:57 - INFO - A05 Epoch 49 | Train Acc:0.5806 Val Acc:0.1852
2026-08-10 08:33:57 - INFO - A05 Epoch 50 | Train Acc:0.4839 Val Acc:0.2222
2026-08-10 08:33:58 - INFO - A05 Epoch 51 | Train Acc:0.4839 Val Acc:0.2222
2026-08-10 08:33:58 - INFO - A05 Epoch 52 | Train Acc:0.5161 Val Acc:0.2222
2026-08-10 08:33:58 - INFO - A05 Epoch 53 | Train Acc:0.5323 Val Acc:0.2222
2026-08-10 08:33:58 - INFO - A05 Epoch 54 | Train Acc:0.5403 Val Acc:0.2222
2026-08-10 08:33:58 - INFO - A05 Epoch 55 | Train Acc:0.5565 Val Acc:0.2222
2026-08-10 08:33:58 - INFO - A05 Epoch 56 | Train Acc:0.5484 Val Acc:0.2222
2026-08-10 08:33:59 - INFO - A05 Epoch 57 | Train Acc:0.5161 Val Acc:0.2222
2026-08-10 08:33:59 - INFO - A05 Epoch 58 | Train Acc:0.5323 Val Acc:0.2222
2026-08-10 08:33:59 - INFO - A05 Epoch 59 | Train Acc:0.4516 Val Acc:0.2222
2026-08-10 08:33:59 - INFO - A05 Epoch 60 | Train Acc:0.5161 Val Acc:0.2222
2026-08-10 08:33:59 - INFO - A05 Epoch 61 | Train Acc:0.5565 Val Acc:0.1852
2026-08-10 08:33:59 - INFO - A05 Epoch 62 | Train Acc:0.5323 Val Acc:0.2222
2026-08-10 08:34:00 - INFO - A05 Epoch 63 | Train Acc:0.5323 Val Acc:0.2222
2026-08-10 08:34:00 - INFO - A05 Epoch 64 | Train Acc:0.5484 Val Acc:0.1852
2026-08-10 08:34:00 - INFO - A05 Epoch 65 | Train Acc:0.4597 Val Acc:0.2593
2026-08-10 08:34:00 - INFO - A05 Epoch 66 | Train Acc:0.5161 Val Acc:0.1111
2026-08-10 08:34:00 - INFO - A05 Epoch 67 | Train Acc:0.4435 Val Acc:0.1111
2026-08-10 08:34:00 - INFO - A05 Epoch 68 | Train Acc:0.5161 Val Acc:0.1852
2026-08-10 08:34:01 - INFO - A05 Epoch 69 | Train Acc:0.5161 Val Acc:0.0741
2026-08-10 08:34:01 - INFO - A05 Epoch 70 | Train Acc:0.5161 Val Acc:0.1481
2026-08-10 08:34:01 - INFO - A05 Epoch 71 | Train Acc:0.5161 Val Acc:0.2222
2026-08-10 08:34:01 - INFO - A05 Epoch 72 | Train Acc:0.5806 Val Acc:0.1481
2026-08-10 08:34:01 - INFO - A05 Epoch 73 | Train Acc:0.5242 Val Acc:0.1111
2026-08-10 08:34:01 - INFO - A05 Epoch 74 | Train Acc:0.5645 Val Acc:0.2222
2026-08-10 08:34:02 - INFO - A05 Epoch 75 | Train Acc:0.5000 Val Acc:0.1852
2026-08-10 08:34:02 - INFO - A05 Epoch 76 | Train Acc:0.5565 Val Acc:0.1852
2026-08-10 08:34:02 - INFO - A05 Epoch 77 | Train Acc:0.5806 Val Acc:0.1852
2026-08-10 08:34:02 - INFO - A05 Epoch 78 | Train Acc:0.5403 Val Acc:0.1481
2026-08-10 08:34:02 - INFO - A05 Epoch 79 | Train Acc:0.5323 Val Acc:0.2593
2026-08-10 08:34:02 - INFO - A05 Epoch 80 | Train Acc:0.6048 Val Acc:0.1852
2026-08-10 08:34:03 - INFO - A05 Epoch 81 | Train Acc:0.5403 Val Acc:0.1852
2026-08-10 08:34:03 - INFO - A05 Epoch 82 | Train Acc:0.5565 Val Acc:0.1852
2026-08-10 08:34:03 - INFO - A05 Epoch 83 | Train Acc:0.5081 Val Acc:0.1852
2026-08-10 08:34:03 - INFO - A05 Epoch 84 | Train Acc:0.5565 Val Acc:0.1481
2026-08-10 08:34:03 - INFO - A05 Epoch 85 | Train Acc:0.4758 Val Acc:0.1852
2026-08-10 08:34:03 - INFO - A05 Epoch 86 | Train Acc:0.5565 Val Acc:0.1852
2026-08-10 08:34:03 - INFO - A05 Epoch 87 | Train Acc:0.5806 Val Acc:0.1481
2026-08-10 08:34:04 - INFO - A05 Epoch 88 | Train Acc:0.5968 Val Acc:0.2963
2026-08-10 08:34:04 - INFO - A05 Epoch 89 | Train Acc:0.5806 Val Acc:0.1852
2026-08-10 08:34:04 - INFO - A05 Epoch 90 | Train Acc:0.5565 Val Acc:0.1852
2026-08-10 08:34:04 - INFO - A05 Epoch 91 | Train Acc:0.6048 Val Acc:0.1852
2026-08-10 08:34:04 - INFO - A05 Epoch 92 | Train Acc:0.5645 Val Acc:0.1481
2026-08-10 08:34:04 - INFO - A05 Epoch 93 | Train Acc:0.5887 Val Acc:0.1852
2026-08-10 08:34:05 - INFO - A05 Epoch 94 | Train Acc:0.4919 Val Acc:0.2222
2026-08-10 08:34:05 - INFO - A05 Epoch 95 | Train Acc:0.5484 Val Acc:0.1481
2026-08-10 08:34:05 - INFO - A05 Epoch 96 | Train Acc:0.5645 Val Acc:0.2222
2026-08-10 08:34:05 - INFO - A05 Epoch 97 | Train Acc:0.5403 Val Acc:0.2593
2026-08-10 08:34:05 - INFO - A05 Epoch 98 | Train Acc:0.5403 Val Acc:0.2222
2026-08-10 08:34:05 - INFO - A05 Epoch 99 | Train Acc:0.5726 Val Acc:0.1852
2026-08-10 08:34:06 - INFO - A05 Epoch 100 | Train Acc:0.5726 Val Acc:0.2222
2026-08-10 08:34:07 - INFO - A05 Fixed Train Finished | Test Acc = 0.2593
2026-08-10 08:34:07 - INFO - A06 | Train:184 Val:40 Test:40
2026-08-10 08:34:07 - INFO - 
==== Start Train Fixed A06 ====
2026-08-10 08:34:07 - INFO - A06 Epoch 01 | Train Acc:0.2663 Val Acc:0.2500
2026-08-10 08:34:08 - INFO - A06 Epoch 02 | Train Acc:0.2717 Val Acc:0.2500
2026-08-10 08:34:08 - INFO - A06 Epoch 03 | Train Acc:0.2717 Val Acc:0.1500
2026-08-10 08:34:08 - INFO - A06 Epoch 04 | Train Acc:0.2391 Val Acc:0.2500
2026-08-10 08:34:08 - INFO - A06 Epoch 05 | Train Acc:0.3533 Val Acc:0.2250
2026-08-10 08:34:09 - INFO - A06 Epoch 06 | Train Acc:0.3587 Val Acc:0.2750
2026-08-10 08:34:09 - INFO - A06 Epoch 07 | Train Acc:0.3696 Val Acc:0.2250
2026-08-10 08:34:09 - INFO - A06 Epoch 08 | Train Acc:0.3859 Val Acc:0.3000
2026-08-10 08:34:09 - INFO - A06 Epoch 09 | Train Acc:0.3913 Val Acc:0.2750
2026-08-10 08:34:10 - INFO - A06 Epoch 10 | Train Acc:0.3859 Val Acc:0.2500
2026-08-10 08:34:10 - INFO - A06 Epoch 11 | Train Acc:0.3804 Val Acc:0.2750
2026-08-10 08:34:10 - INFO - A06 Epoch 12 | Train Acc:0.4130 Val Acc:0.3750
2026-08-10 08:34:10 - INFO - A06 Epoch 13 | Train Acc:0.3424 Val Acc:0.2250
2026-08-10 08:34:11 - INFO - A06 Epoch 14 | Train Acc:0.3804 Val Acc:0.2000
2026-08-10 08:34:11 - INFO - A06 Epoch 15 | Train Acc:0.3913 Val Acc:0.1750
2026-08-10 08:34:11 - INFO - A06 Epoch 16 | Train Acc:0.4130 Val Acc:0.2250
2026-08-10 08:34:11 - INFO - A06 Epoch 17 | Train Acc:0.3587 Val Acc:0.2250
2026-08-10 08:34:12 - INFO - A06 Epoch 18 | Train Acc:0.3424 Val Acc:0.2250
2026-08-10 08:34:12 - INFO - A06 Epoch 19 | Train Acc:0.4511 Val Acc:0.2250
2026-08-10 08:34:12 - INFO - A06 Epoch 20 | Train Acc:0.4022 Val Acc:0.2250
2026-08-10 08:34:12 - INFO - A06 Epoch 21 | Train Acc:0.3750 Val Acc:0.2250
2026-08-10 08:34:13 - INFO - A06 Epoch 22 | Train Acc:0.3587 Val Acc:0.2750
2026-08-10 08:34:13 - INFO - A06 Epoch 23 | Train Acc:0.3533 Val Acc:0.2250
2026-08-10 08:34:13 - INFO - A06 Epoch 24 | Train Acc:0.3804 Val Acc:0.2000
2026-08-10 08:34:13 - INFO - A06 Epoch 25 | Train Acc:0.4293 Val Acc:0.3500
2026-08-10 08:34:14 - INFO - A06 Epoch 26 | Train Acc:0.4130 Val Acc:0.2500
2026-08-10 08:34:14 - INFO - A06 Epoch 27 | Train Acc:0.3913 Val Acc:0.2000
2026-08-10 08:34:14 - INFO - A06 Epoch 28 | Train Acc:0.4022 Val Acc:0.3500
2026-08-10 08:34:14 - INFO - A06 Epoch 29 | Train Acc:0.4239 Val Acc:0.2500
2026-08-10 08:34:15 - INFO - A06 Epoch 30 | Train Acc:0.3641 Val Acc:0.2000
2026-08-10 08:34:15 - INFO - A06 Epoch 31 | Train Acc:0.3750 Val Acc:0.3500
2026-08-10 08:34:15 - INFO - A06 Epoch 32 | Train Acc:0.4239 Val Acc:0.3000
2026-08-10 08:34:15 - INFO - A06 Epoch 33 | Train Acc:0.4457 Val Acc:0.2250
2026-08-10 08:34:16 - INFO - A06 Epoch 34 | Train Acc:0.4076 Val Acc:0.3000
2026-08-10 08:34:16 - INFO - A06 Epoch 35 | Train Acc:0.4457 Val Acc:0.2500
2026-08-10 08:34:16 - INFO - A06 Epoch 36 | Train Acc:0.4402 Val Acc:0.3000
2026-08-10 08:34:16 - INFO - A06 Epoch 37 | Train Acc:0.3533 Val Acc:0.2750
2026-08-10 08:34:16 - INFO - A06 Epoch 38 | Train Acc:0.4022 Val Acc:0.3000
2026-08-10 08:34:17 - INFO - A06 Epoch 39 | Train Acc:0.3967 Val Acc:0.2500
2026-08-10 08:34:17 - INFO - A06 Epoch 40 | Train Acc:0.4293 Val Acc:0.3250
2026-08-10 08:34:17 - INFO - A06 Epoch 41 | Train Acc:0.4130 Val Acc:0.2750
2026-08-10 08:34:17 - INFO - A06 Epoch 42 | Train Acc:0.4239 Val Acc:0.3250
2026-08-10 08:34:18 - INFO - A06 Epoch 43 | Train Acc:0.4511 Val Acc:0.2750
2026-08-10 08:34:18 - INFO - A06 Epoch 44 | Train Acc:0.4620 Val Acc:0.2000
2026-08-10 08:34:18 - INFO - A06 Epoch 45 | Train Acc:0.4402 Val Acc:0.2500
2026-08-10 08:34:18 - INFO - A06 Epoch 46 | Train Acc:0.4565 Val Acc:0.2750
2026-08-10 08:34:19 - INFO - A06 Epoch 47 | Train Acc:0.4674 Val Acc:0.3250
2026-08-10 08:34:19 - INFO - A06 Epoch 48 | Train Acc:0.3641 Val Acc:0.3250
2026-08-10 08:34:19 - INFO - A06 Epoch 49 | Train Acc:0.4457 Val Acc:0.3000
2026-08-10 08:34:19 - INFO - A06 Epoch 50 | Train Acc:0.3859 Val Acc:0.2750
2026-08-10 08:34:20 - INFO - A06 Epoch 51 | Train Acc:0.4239 Val Acc:0.2000
2026-08-10 08:34:20 - INFO - A06 Epoch 52 | Train Acc:0.5000 Val Acc:0.2000
2026-08-10 08:34:20 - INFO - A06 Epoch 53 | Train Acc:0.4185 Val Acc:0.2250
2026-08-10 08:34:20 - INFO - A06 Epoch 54 | Train Acc:0.4783 Val Acc:0.2250
2026-08-10 08:34:21 - INFO - A06 Epoch 55 | Train Acc:0.4728 Val Acc:0.2500
2026-08-10 08:34:21 - INFO - A06 Epoch 56 | Train Acc:0.4728 Val Acc:0.2500
2026-08-10 08:34:21 - INFO - A06 Epoch 57 | Train Acc:0.4511 Val Acc:0.2250
2026-08-10 08:34:21 - INFO - A06 Epoch 58 | Train Acc:0.4891 Val Acc:0.2500
2026-08-10 08:34:22 - INFO - A06 Epoch 59 | Train Acc:0.4946 Val Acc:0.2500
2026-08-10 08:34:22 - INFO - A06 Epoch 60 | Train Acc:0.4946 Val Acc:0.2500
2026-08-10 08:34:22 - INFO - A06 Epoch 61 | Train Acc:0.4891 Val Acc:0.3000
2026-08-10 08:34:22 - INFO - A06 Epoch 62 | Train Acc:0.4620 Val Acc:0.2250
2026-08-10 08:34:23 - INFO - A06 Epoch 63 | Train Acc:0.4130 Val Acc:0.2750
2026-08-10 08:34:23 - INFO - A06 Epoch 64 | Train Acc:0.4348 Val Acc:0.2500
2026-08-10 08:34:23 - INFO - A06 Epoch 65 | Train Acc:0.4728 Val Acc:0.2500
2026-08-10 08:34:23 - INFO - A06 Epoch 66 | Train Acc:0.4891 Val Acc:0.2250
2026-08-10 08:34:24 - INFO - A06 Epoch 67 | Train Acc:0.4946 Val Acc:0.3250
2026-08-10 08:34:24 - INFO - A06 Epoch 68 | Train Acc:0.4946 Val Acc:0.2500
2026-08-10 08:34:24 - INFO - A06 Epoch 69 | Train Acc:0.3913 Val Acc:0.3000
2026-08-10 08:34:24 - INFO - A06 Epoch 70 | Train Acc:0.3859 Val Acc:0.2250
2026-08-10 08:34:25 - INFO - A06 Epoch 71 | Train Acc:0.4946 Val Acc:0.2750
2026-08-10 08:34:25 - INFO - A06 Epoch 72 | Train Acc:0.4728 Val Acc:0.2000
2026-08-10 08:34:25 - INFO - A06 Epoch 73 | Train Acc:0.4620 Val Acc:0.2750
2026-08-10 08:34:25 - INFO - A06 Epoch 74 | Train Acc:0.4565 Val Acc:0.2250
2026-08-10 08:34:26 - INFO - A06 Epoch 75 | Train Acc:0.4130 Val Acc:0.3000
2026-08-10 08:34:26 - INFO - A06 Epoch 76 | Train Acc:0.4239 Val Acc:0.2500
2026-08-10 08:34:26 - INFO - A06 Epoch 77 | Train Acc:0.3478 Val Acc:0.3000
2026-08-10 08:34:26 - INFO - A06 Epoch 78 | Train Acc:0.5000 Val Acc:0.3000
2026-08-10 08:34:27 - INFO - A06 Epoch 79 | Train Acc:0.4674 Val Acc:0.2500
2026-08-10 08:34:27 - INFO - A06 Epoch 80 | Train Acc:0.4837 Val Acc:0.2250
2026-08-10 08:34:27 - INFO - A06 Epoch 81 | Train Acc:0.4837 Val Acc:0.3000
2026-08-10 08:34:27 - INFO - A06 Epoch 82 | Train Acc:0.4946 Val Acc:0.2500
2026-08-10 08:34:28 - INFO - A06 Epoch 83 | Train Acc:0.5380 Val Acc:0.2750
2026-08-10 08:34:28 - INFO - A06 Epoch 84 | Train Acc:0.4674 Val Acc:0.2500
2026-08-10 08:34:28 - INFO - A06 Epoch 85 | Train Acc:0.4674 Val Acc:0.2250
2026-08-10 08:34:28 - INFO - A06 Epoch 86 | Train Acc:0.4946 Val Acc:0.3000
2026-08-10 08:34:29 - INFO - A06 Epoch 87 | Train Acc:0.4783 Val Acc:0.3250
2026-08-10 08:34:29 - INFO - A06 Epoch 88 | Train Acc:0.4565 Val Acc:0.2250
2026-08-10 08:34:29 - INFO - A06 Epoch 89 | Train Acc:0.4891 Val Acc:0.3500
2026-08-10 08:34:29 - INFO - A06 Epoch 90 | Train Acc:0.5000 Val Acc:0.2000
2026-08-10 08:34:30 - INFO - A06 Epoch 91 | Train Acc:0.4728 Val Acc:0.4000
2026-08-10 08:34:30 - INFO - A06 Epoch 92 | Train Acc:0.4946 Val Acc:0.2500
2026-08-10 08:34:30 - INFO - A06 Epoch 93 | Train Acc:0.5652 Val Acc:0.2250
2026-08-10 08:34:30 - INFO - A06 Epoch 94 | Train Acc:0.5217 Val Acc:0.2500
2026-08-10 08:34:31 - INFO - A06 Epoch 95 | Train Acc:0.4783 Val Acc:0.2750
2026-08-10 08:34:31 - INFO - A06 Epoch 96 | Train Acc:0.5815 Val Acc:0.3250
2026-08-10 08:34:31 - INFO - A06 Epoch 97 | Train Acc:0.5000 Val Acc:0.2500
2026-08-10 08:34:31 - INFO - A06 Epoch 98 | Train Acc:0.5380 Val Acc:0.2500
2026-08-10 08:34:32 - INFO - A06 Epoch 99 | Train Acc:0.5000 Val Acc:0.3500
2026-08-10 08:34:32 - INFO - A06 Epoch 100 | Train Acc:0.5326 Val Acc:0.3250
2026-08-10 08:34:33 - INFO - A06 Fixed Train Finished | Test Acc = 0.3000
2026-08-10 08:34:33 - INFO - A07 | Train:184 Val:39 Test:40
2026-08-10 08:34:33 - INFO - 
==== Start Train Fixed A07 ====
2026-08-10 08:34:34 - INFO - A07 Epoch 01 | Train Acc:0.2663 Val Acc:0.2564
2026-08-10 08:34:34 - INFO - A07 Epoch 02 | Train Acc:0.2772 Val Acc:0.3077
2026-08-10 08:34:34 - INFO - A07 Epoch 03 | Train Acc:0.3152 Val Acc:0.3077
2026-08-10 08:34:34 - INFO - A07 Epoch 04 | Train Acc:0.2880 Val Acc:0.3077
2026-08-10 08:34:35 - INFO - A07 Epoch 05 | Train Acc:0.3370 Val Acc:0.2564
2026-08-10 08:34:35 - INFO - A07 Epoch 06 | Train Acc:0.3478 Val Acc:0.2051
2026-08-10 08:34:35 - INFO - A07 Epoch 07 | Train Acc:0.3261 Val Acc:0.2821
2026-08-10 08:34:35 - INFO - A07 Epoch 08 | Train Acc:0.4130 Val Acc:0.2821
2026-08-10 08:34:36 - INFO - A07 Epoch 09 | Train Acc:0.3533 Val Acc:0.3077
2026-08-10 08:34:36 - INFO - A07 Epoch 10 | Train Acc:0.3696 Val Acc:0.2821
2026-08-10 08:34:36 - INFO - A07 Epoch 11 | Train Acc:0.3261 Val Acc:0.3333
2026-08-10 08:34:36 - INFO - A07 Epoch 12 | Train Acc:0.4185 Val Acc:0.3333
2026-08-10 08:34:37 - INFO - A07 Epoch 13 | Train Acc:0.4239 Val Acc:0.2564
2026-08-10 08:34:37 - INFO - A07 Epoch 14 | Train Acc:0.4130 Val Acc:0.2821
2026-08-10 08:34:37 - INFO - A07 Epoch 15 | Train Acc:0.4511 Val Acc:0.2564
2026-08-10 08:34:37 - INFO - A07 Epoch 16 | Train Acc:0.4076 Val Acc:0.2564
2026-08-10 08:34:38 - INFO - A07 Epoch 17 | Train Acc:0.4022 Val Acc:0.2051
2026-08-10 08:34:38 - INFO - A07 Epoch 18 | Train Acc:0.3804 Val Acc:0.3077
2026-08-10 08:34:38 - INFO - A07 Epoch 19 | Train Acc:0.3641 Val Acc:0.3077
2026-08-10 08:34:38 - INFO - A07 Epoch 20 | Train Acc:0.4239 Val Acc:0.3077
2026-08-10 08:34:39 - INFO - A07 Epoch 21 | Train Acc:0.3207 Val Acc:0.3077
2026-08-10 08:34:39 - INFO - A07 Epoch 22 | Train Acc:0.4674 Val Acc:0.3077
2026-08-10 08:34:39 - INFO - A07 Epoch 23 | Train Acc:0.4348 Val Acc:0.2821
2026-08-10 08:34:39 - INFO - A07 Epoch 24 | Train Acc:0.4185 Val Acc:0.3333
2026-08-10 08:34:40 - INFO - A07 Epoch 25 | Train Acc:0.4402 Val Acc:0.2821
2026-08-10 08:34:40 - INFO - A07 Epoch 26 | Train Acc:0.4620 Val Acc:0.3590
2026-08-10 08:34:40 - INFO - A07 Epoch 27 | Train Acc:0.4076 Val Acc:0.3077
2026-08-10 08:34:40 - INFO - A07 Epoch 28 | Train Acc:0.4022 Val Acc:0.3077
2026-08-10 08:34:41 - INFO - A07 Epoch 29 | Train Acc:0.3533 Val Acc:0.3077
2026-08-10 08:34:41 - INFO - A07 Epoch 30 | Train Acc:0.4185 Val Acc:0.2821
2026-08-10 08:34:41 - INFO - A07 Epoch 31 | Train Acc:0.4457 Val Acc:0.2821
2026-08-10 08:34:41 - INFO - A07 Epoch 32 | Train Acc:0.3913 Val Acc:0.3590
2026-08-10 08:34:42 - INFO - A07 Epoch 33 | Train Acc:0.4565 Val Acc:0.2821
2026-08-10 08:34:42 - INFO - A07 Epoch 34 | Train Acc:0.4728 Val Acc:0.3590
2026-08-10 08:34:42 - INFO - A07 Epoch 35 | Train Acc:0.4348 Val Acc:0.2564
2026-08-10 08:34:42 - INFO - A07 Epoch 36 | Train Acc:0.4076 Val Acc:0.3333
2026-08-10 08:34:43 - INFO - A07 Epoch 37 | Train Acc:0.4511 Val Acc:0.3590
2026-08-10 08:34:43 - INFO - A07 Epoch 38 | Train Acc:0.4674 Val Acc:0.4359
2026-08-10 08:34:43 - INFO - A07 Epoch 39 | Train Acc:0.4674 Val Acc:0.3077
2026-08-10 08:34:43 - INFO - A07 Epoch 40 | Train Acc:0.4022 Val Acc:0.3077
2026-08-10 08:34:44 - INFO - A07 Epoch 41 | Train Acc:0.5054 Val Acc:0.3846
2026-08-10 08:34:44 - INFO - A07 Epoch 42 | Train Acc:0.4402 Val Acc:0.3590
2026-08-10 08:34:44 - INFO - A07 Epoch 43 | Train Acc:0.4674 Val Acc:0.3077
2026-08-10 08:34:44 - INFO - A07 Epoch 44 | Train Acc:0.4891 Val Acc:0.3333
2026-08-10 08:34:45 - INFO - A07 Epoch 45 | Train Acc:0.5217 Val Acc:0.3846
2026-08-10 08:34:45 - INFO - A07 Epoch 46 | Train Acc:0.4674 Val Acc:0.3333
2026-08-10 08:34:45 - INFO - A07 Epoch 47 | Train Acc:0.5652 Val Acc:0.3590
2026-08-10 08:34:45 - INFO - A07 Epoch 48 | Train Acc:0.4837 Val Acc:0.3590
2026-08-10 08:34:46 - INFO - A07 Epoch 49 | Train Acc:0.4402 Val Acc:0.3590
2026-08-10 08:34:46 - INFO - A07 Epoch 50 | Train Acc:0.4674 Val Acc:0.3846
2026-08-10 08:34:46 - INFO - A07 Epoch 51 | Train Acc:0.4837 Val Acc:0.3333
2026-08-10 08:34:46 - INFO - A07 Epoch 52 | Train Acc:0.4402 Val Acc:0.3590
2026-08-10 08:34:47 - INFO - A07 Epoch 53 | Train Acc:0.4783 Val Acc:0.3333
2026-08-10 08:34:47 - INFO - A07 Epoch 54 | Train Acc:0.5272 Val Acc:0.3333
2026-08-10 08:34:47 - INFO - A07 Epoch 55 | Train Acc:0.5543 Val Acc:0.3590
2026-08-10 08:34:47 - INFO - A07 Epoch 56 | Train Acc:0.4783 Val Acc:0.3590
2026-08-10 08:34:48 - INFO - A07 Epoch 57 | Train Acc:0.4837 Val Acc:0.3590
2026-08-10 08:34:48 - INFO - A07 Epoch 58 | Train Acc:0.5109 Val Acc:0.3590
2026-08-10 08:34:48 - INFO - A07 Epoch 59 | Train Acc:0.5163 Val Acc:0.3590
2026-08-10 08:34:48 - INFO - A07 Epoch 60 | Train Acc:0.5054 Val Acc:0.3590
2026-08-10 08:34:49 - INFO - A07 Epoch 61 | Train Acc:0.5000 Val Acc:0.3333
2026-08-10 08:34:49 - INFO - A07 Epoch 62 | Train Acc:0.4239 Val Acc:0.4103
2026-08-10 08:34:49 - INFO - A07 Epoch 63 | Train Acc:0.4837 Val Acc:0.3333
2026-08-10 08:34:49 - INFO - A07 Epoch 64 | Train Acc:0.5109 Val Acc:0.3846
2026-08-10 08:34:50 - INFO - A07 Epoch 65 | Train Acc:0.4511 Val Acc:0.3590
2026-08-10 08:34:50 - INFO - A07 Epoch 66 | Train Acc:0.4783 Val Acc:0.4359
2026-08-10 08:34:50 - INFO - A07 Epoch 67 | Train Acc:0.4565 Val Acc:0.3590
2026-08-10 08:34:50 - INFO - A07 Epoch 68 | Train Acc:0.4239 Val Acc:0.4872
2026-08-10 08:34:51 - INFO - A07 Epoch 69 | Train Acc:0.5272 Val Acc:0.4103
2026-08-10 08:34:51 - INFO - A07 Epoch 70 | Train Acc:0.4837 Val Acc:0.3590
2026-08-10 08:34:51 - INFO - A07 Epoch 71 | Train Acc:0.4620 Val Acc:0.4615
2026-08-10 08:34:51 - INFO - A07 Epoch 72 | Train Acc:0.4728 Val Acc:0.3590
2026-08-10 08:34:52 - INFO - A07 Epoch 73 | Train Acc:0.4837 Val Acc:0.4359
2026-08-10 08:34:52 - INFO - A07 Epoch 74 | Train Acc:0.4891 Val Acc:0.4359
2026-08-10 08:34:52 - INFO - A07 Epoch 75 | Train Acc:0.4728 Val Acc:0.3590
2026-08-10 08:34:53 - INFO - A07 Epoch 76 | Train Acc:0.5272 Val Acc:0.4103
2026-08-10 08:34:53 - INFO - A07 Epoch 77 | Train Acc:0.5109 Val Acc:0.4103
2026-08-10 08:34:53 - INFO - A07 Epoch 78 | Train Acc:0.5652 Val Acc:0.3590
2026-08-10 08:34:53 - INFO - A07 Epoch 79 | Train Acc:0.5109 Val Acc:0.4615
2026-08-10 08:34:54 - INFO - A07 Epoch 80 | Train Acc:0.4891 Val Acc:0.3590
2026-08-10 08:34:54 - INFO - A07 Epoch 81 | Train Acc:0.5163 Val Acc:0.5128
2026-08-10 08:34:54 - INFO - A07 Epoch 82 | Train Acc:0.5543 Val Acc:0.3590
2026-08-10 08:34:54 - INFO - A07 Epoch 83 | Train Acc:0.5109 Val Acc:0.4615
2026-08-10 08:34:55 - INFO - A07 Epoch 84 | Train Acc:0.5272 Val Acc:0.3590
2026-08-10 08:34:55 - INFO - A07 Epoch 85 | Train Acc:0.5217 Val Acc:0.4103
2026-08-10 08:34:55 - INFO - A07 Epoch 86 | Train Acc:0.5109 Val Acc:0.4103
2026-08-10 08:34:55 - INFO - A07 Epoch 87 | Train Acc:0.4891 Val Acc:0.4359
2026-08-10 08:34:56 - INFO - A07 Epoch 88 | Train Acc:0.5652 Val Acc:0.4872
2026-08-10 08:34:56 - INFO - A07 Epoch 89 | Train Acc:0.5326 Val Acc:0.4103
2026-08-10 08:34:56 - INFO - A07 Epoch 90 | Train Acc:0.4620 Val Acc:0.3846
2026-08-10 08:34:56 - INFO - A07 Epoch 91 | Train Acc:0.5598 Val Acc:0.4103
2026-08-10 08:34:57 - INFO - A07 Epoch 92 | Train Acc:0.5924 Val Acc:0.4103
2026-08-10 08:34:57 - INFO - A07 Epoch 93 | Train Acc:0.5924 Val Acc:0.4103
2026-08-10 08:34:57 - INFO - A07 Epoch 94 | Train Acc:0.5815 Val Acc:0.4615
2026-08-10 08:34:57 - INFO - A07 Epoch 95 | Train Acc:0.5543 Val Acc:0.4103
2026-08-10 08:34:58 - INFO - A07 Epoch 96 | Train Acc:0.5598 Val Acc:0.3590
2026-08-10 08:34:58 - INFO - A07 Epoch 97 | Train Acc:0.4783 Val Acc:0.4103
2026-08-10 08:34:58 - INFO - A07 Epoch 98 | Train Acc:0.5163 Val Acc:0.4615
2026-08-10 08:34:58 - INFO - A07 Epoch 99 | Train Acc:0.5815 Val Acc:0.4872
2026-08-10 08:34:59 - INFO - A07 Epoch 100 | Train Acc:0.5489 Val Acc:0.4359
2026-08-10 08:35:00 - INFO - A07 Fixed Train Finished | Test Acc = 0.5500
2026-08-10 08:35:00 - INFO - A08 | Train:165 Val:35 Test:36
2026-08-10 08:35:00 - INFO - 
==== Start Train Fixed A08 ====
2026-08-10 08:35:00 - INFO - A08 Epoch 01 | Train Acc:0.2848 Val Acc:0.3143
2026-08-10 08:35:01 - INFO - A08 Epoch 02 | Train Acc:0.2667 Val Acc:0.3143
2026-08-10 08:35:01 - INFO - A08 Epoch 03 | Train Acc:0.3939 Val Acc:0.2571
2026-08-10 08:35:01 - INFO - A08 Epoch 04 | Train Acc:0.3030 Val Acc:0.2286
2026-08-10 08:35:01 - INFO - A08 Epoch 05 | Train Acc:0.3030 Val Acc:0.3429
2026-08-10 08:35:01 - INFO - A08 Epoch 06 | Train Acc:0.3515 Val Acc:0.3714
2026-08-10 08:35:02 - INFO - A08 Epoch 07 | Train Acc:0.4242 Val Acc:0.4571
2026-08-10 08:35:02 - INFO - A08 Epoch 08 | Train Acc:0.4182 Val Acc:0.4000
2026-08-10 08:35:02 - INFO - A08 Epoch 09 | Train Acc:0.4303 Val Acc:0.2571
2026-08-10 08:35:02 - INFO - A08 Epoch 10 | Train Acc:0.4303 Val Acc:0.4000
2026-08-10 08:35:03 - INFO - A08 Epoch 11 | Train Acc:0.4303 Val Acc:0.4286
2026-08-10 08:35:03 - INFO - A08 Epoch 12 | Train Acc:0.4606 Val Acc:0.3714
2026-08-10 08:35:03 - INFO - A08 Epoch 13 | Train Acc:0.4000 Val Acc:0.4000
2026-08-10 08:35:03 - INFO - A08 Epoch 14 | Train Acc:0.4606 Val Acc:0.4286
2026-08-10 08:35:04 - INFO - A08 Epoch 15 | Train Acc:0.4667 Val Acc:0.5714
2026-08-10 08:35:04 - INFO - A08 Epoch 16 | Train Acc:0.4606 Val Acc:0.5429
2026-08-10 08:35:04 - INFO - A08 Epoch 17 | Train Acc:0.4970 Val Acc:0.5143
2026-08-10 08:35:04 - INFO - A08 Epoch 18 | Train Acc:0.4667 Val Acc:0.5143
2026-08-10 08:35:05 - INFO - A08 Epoch 19 | Train Acc:0.4000 Val Acc:0.5429
2026-08-10 08:35:05 - INFO - A08 Epoch 20 | Train Acc:0.4606 Val Acc:0.5143
2026-08-10 08:35:05 - INFO - A08 Epoch 21 | Train Acc:0.4909 Val Acc:0.5429
2026-08-10 08:35:05 - INFO - A08 Epoch 22 | Train Acc:0.4364 Val Acc:0.5429
2026-08-10 08:35:06 - INFO - A08 Epoch 23 | Train Acc:0.4848 Val Acc:0.3714
2026-08-10 08:35:06 - INFO - A08 Epoch 24 | Train Acc:0.4424 Val Acc:0.6571
2026-08-10 08:35:06 - INFO - A08 Epoch 25 | Train Acc:0.5152 Val Acc:0.6000
2026-08-10 08:35:06 - INFO - A08 Epoch 26 | Train Acc:0.4667 Val Acc:0.4857
2026-08-10 08:35:07 - INFO - A08 Epoch 27 | Train Acc:0.4364 Val Acc:0.6857
2026-08-10 08:35:07 - INFO - A08 Epoch 28 | Train Acc:0.5697 Val Acc:0.5714
2026-08-10 08:35:07 - INFO - A08 Epoch 29 | Train Acc:0.5030 Val Acc:0.5429
2026-08-10 08:35:07 - INFO - A08 Epoch 30 | Train Acc:0.5576 Val Acc:0.5714
2026-08-10 08:35:08 - INFO - A08 Epoch 31 | Train Acc:0.5394 Val Acc:0.5429
2026-08-10 08:35:08 - INFO - A08 Epoch 32 | Train Acc:0.5455 Val Acc:0.6571
2026-08-10 08:35:08 - INFO - A08 Epoch 33 | Train Acc:0.5636 Val Acc:0.6571
2026-08-10 08:35:08 - INFO - A08 Epoch 34 | Train Acc:0.5697 Val Acc:0.5429
2026-08-10 08:35:09 - INFO - A08 Epoch 35 | Train Acc:0.5697 Val Acc:0.6571
2026-08-10 08:35:09 - INFO - A08 Epoch 36 | Train Acc:0.5636 Val Acc:0.6000
2026-08-10 08:35:09 - INFO - A08 Epoch 37 | Train Acc:0.5515 Val Acc:0.6000
2026-08-10 08:35:09 - INFO - A08 Epoch 38 | Train Acc:0.5515 Val Acc:0.6571
2026-08-10 08:35:09 - INFO - A08 Epoch 39 | Train Acc:0.5939 Val Acc:0.6286
2026-08-10 08:35:10 - INFO - A08 Epoch 40 | Train Acc:0.5455 Val Acc:0.6571
2026-08-10 08:35:10 - INFO - A08 Epoch 41 | Train Acc:0.5212 Val Acc:0.6000
2026-08-10 08:35:10 - INFO - A08 Epoch 42 | Train Acc:0.6000 Val Acc:0.6571
2026-08-10 08:35:10 - INFO - A08 Epoch 43 | Train Acc:0.5333 Val Acc:0.6571
2026-08-10 08:35:11 - INFO - A08 Epoch 44 | Train Acc:0.6061 Val Acc:0.6857
2026-08-10 08:35:11 - INFO - A08 Epoch 45 | Train Acc:0.6121 Val Acc:0.6571
2026-08-10 08:35:11 - INFO - A08 Epoch 46 | Train Acc:0.5879 Val Acc:0.6571
2026-08-10 08:35:11 - INFO - A08 Epoch 47 | Train Acc:0.5758 Val Acc:0.6857
2026-08-10 08:35:12 - INFO - A08 Epoch 48 | Train Acc:0.5455 Val Acc:0.6857
2026-08-10 08:35:12 - INFO - A08 Epoch 49 | Train Acc:0.6000 Val Acc:0.6571
2026-08-10 08:35:12 - INFO - A08 Epoch 50 | Train Acc:0.5636 Val Acc:0.6571
2026-08-10 08:35:12 - INFO - A08 Epoch 51 | Train Acc:0.6121 Val Acc:0.6857
2026-08-10 08:35:13 - INFO - A08 Epoch 52 | Train Acc:0.5818 Val Acc:0.7143
2026-08-10 08:35:13 - INFO - A08 Epoch 53 | Train Acc:0.5758 Val Acc:0.7143
2026-08-10 08:35:13 - INFO - A08 Epoch 54 | Train Acc:0.6061 Val Acc:0.6857
2026-08-10 08:35:13 - INFO - A08 Epoch 55 | Train Acc:0.6424 Val Acc:0.6857
2026-08-10 08:35:14 - INFO - A08 Epoch 56 | Train Acc:0.6242 Val Acc:0.6857
2026-08-10 08:35:14 - INFO - A08 Epoch 57 | Train Acc:0.6182 Val Acc:0.6571
2026-08-10 08:35:14 - INFO - A08 Epoch 58 | Train Acc:0.6061 Val Acc:0.6571
2026-08-10 08:35:14 - INFO - A08 Epoch 59 | Train Acc:0.6000 Val Acc:0.6857
2026-08-10 08:35:14 - INFO - A08 Epoch 60 | Train Acc:0.6424 Val Acc:0.6857
2026-08-10 08:35:15 - INFO - A08 Epoch 61 | Train Acc:0.5394 Val Acc:0.7143
2026-08-10 08:35:15 - INFO - A08 Epoch 62 | Train Acc:0.5879 Val Acc:0.6286
2026-08-10 08:35:15 - INFO - A08 Epoch 63 | Train Acc:0.5818 Val Acc:0.6571
2026-08-10 08:35:15 - INFO - A08 Epoch 64 | Train Acc:0.5818 Val Acc:0.6571
2026-08-10 08:35:16 - INFO - A08 Epoch 65 | Train Acc:0.5879 Val Acc:0.5714
2026-08-10 08:35:16 - INFO - A08 Epoch 66 | Train Acc:0.5697 Val Acc:0.6000
2026-08-10 08:35:16 - INFO - A08 Epoch 67 | Train Acc:0.5939 Val Acc:0.6571
2026-08-10 08:35:16 - INFO - A08 Epoch 68 | Train Acc:0.6303 Val Acc:0.6571
2026-08-10 08:35:17 - INFO - A08 Epoch 69 | Train Acc:0.5818 Val Acc:0.6857
2026-08-10 08:35:17 - INFO - A08 Epoch 70 | Train Acc:0.6303 Val Acc:0.6571
2026-08-10 08:35:17 - INFO - A08 Epoch 71 | Train Acc:0.6000 Val Acc:0.6571
2026-08-10 08:35:17 - INFO - A08 Epoch 72 | Train Acc:0.5818 Val Acc:0.6286
2026-08-10 08:35:18 - INFO - A08 Epoch 73 | Train Acc:0.6364 Val Acc:0.6571
2026-08-10 08:35:18 - INFO - A08 Epoch 74 | Train Acc:0.6848 Val Acc:0.6571
2026-08-10 08:35:18 - INFO - A08 Epoch 75 | Train Acc:0.5939 Val Acc:0.6571
2026-08-10 08:35:18 - INFO - A08 Epoch 76 | Train Acc:0.5636 Val Acc:0.6286
2026-08-10 08:35:19 - INFO - A08 Epoch 77 | Train Acc:0.6182 Val Acc:0.6286
2026-08-10 08:35:19 - INFO - A08 Epoch 78 | Train Acc:0.7333 Val Acc:0.5714
2026-08-10 08:35:19 - INFO - A08 Epoch 79 | Train Acc:0.6121 Val Acc:0.6857
2026-08-10 08:35:19 - INFO - A08 Epoch 80 | Train Acc:0.6970 Val Acc:0.5714
2026-08-10 08:35:20 - INFO - A08 Epoch 81 | Train Acc:0.6667 Val Acc:0.6000
2026-08-10 08:35:20 - INFO - A08 Epoch 82 | Train Acc:0.6121 Val Acc:0.6571
2026-08-10 08:35:20 - INFO - A08 Epoch 83 | Train Acc:0.6606 Val Acc:0.6000
2026-08-10 08:35:20 - INFO - A08 Epoch 84 | Train Acc:0.6606 Val Acc:0.6286
2026-08-10 08:35:20 - INFO - A08 Epoch 85 | Train Acc:0.6727 Val Acc:0.6286
2026-08-10 08:35:21 - INFO - A08 Epoch 86 | Train Acc:0.6424 Val Acc:0.6000
2026-08-10 08:35:21 - INFO - A08 Epoch 87 | Train Acc:0.7091 Val Acc:0.6286
2026-08-10 08:35:21 - INFO - A08 Epoch 88 | Train Acc:0.6667 Val Acc:0.6286
2026-08-10 08:35:21 - INFO - A08 Epoch 89 | Train Acc:0.6242 Val Acc:0.6286
2026-08-10 08:35:22 - INFO - A08 Epoch 90 | Train Acc:0.6727 Val Acc:0.6000
2026-08-10 08:35:22 - INFO - A08 Epoch 91 | Train Acc:0.7091 Val Acc:0.6571
2026-08-10 08:35:22 - INFO - A08 Epoch 92 | Train Acc:0.7091 Val Acc:0.6000
2026-08-10 08:35:22 - INFO - A08 Epoch 93 | Train Acc:0.6788 Val Acc:0.6000
2026-08-10 08:35:23 - INFO - A08 Epoch 94 | Train Acc:0.6848 Val Acc:0.6000
2026-08-10 08:35:23 - INFO - A08 Epoch 95 | Train Acc:0.6242 Val Acc:0.6286
2026-08-10 08:35:23 - INFO - A08 Epoch 96 | Train Acc:0.6667 Val Acc:0.6000
2026-08-10 08:35:23 - INFO - A08 Epoch 97 | Train Acc:0.7030 Val Acc:0.6000
2026-08-10 08:35:24 - INFO - A08 Epoch 98 | Train Acc:0.6727 Val Acc:0.6000
2026-08-10 08:35:24 - INFO - A08 Epoch 99 | Train Acc:0.7273 Val Acc:0.6286
2026-08-10 08:35:24 - INFO - A08 Epoch 100 | Train Acc:0.7333 Val Acc:0.6571
2026-08-10 08:35:26 - INFO - A08 Fixed Train Finished | Test Acc = 0.5833
2026-08-10 08:35:26 - INFO - A09 | Train:81 Val:17 Test:18
2026-08-10 08:35:26 - INFO - 
==== Start Train Fixed A09 ====
2026-08-10 08:35:26 - INFO - A09 Epoch 01 | Train Acc:0.2346 Val Acc:0.2941
2026-08-10 08:35:26 - INFO - A09 Epoch 02 | Train Acc:0.3333 Val Acc:0.4118
2026-08-10 08:35:26 - INFO - A09 Epoch 03 | Train Acc:0.3457 Val Acc:0.4118
2026-08-10 08:35:26 - INFO - A09 Epoch 04 | Train Acc:0.3580 Val Acc:0.4118
2026-08-10 08:35:26 - INFO - A09 Epoch 05 | Train Acc:0.4444 Val Acc:0.4706
2026-08-10 08:35:26 - INFO - A09 Epoch 06 | Train Acc:0.4568 Val Acc:0.4118
2026-08-10 08:35:27 - INFO - A09 Epoch 07 | Train Acc:0.5185 Val Acc:0.4118
2026-08-10 08:35:27 - INFO - A09 Epoch 08 | Train Acc:0.4691 Val Acc:0.4706
2026-08-10 08:35:27 - INFO - A09 Epoch 09 | Train Acc:0.4815 Val Acc:0.5294
2026-08-10 08:35:27 - INFO - A09 Epoch 10 | Train Acc:0.4938 Val Acc:0.5882
2026-08-10 08:35:27 - INFO - A09 Epoch 11 | Train Acc:0.4938 Val Acc:0.5882
2026-08-10 08:35:27 - INFO - A09 Epoch 12 | Train Acc:0.5556 Val Acc:0.5294
2026-08-10 08:35:27 - INFO - A09 Epoch 13 | Train Acc:0.5432 Val Acc:0.5882
2026-08-10 08:35:27 - INFO - A09 Epoch 14 | Train Acc:0.5432 Val Acc:0.5882
2026-08-10 08:35:28 - INFO - A09 Epoch 15 | Train Acc:0.6049 Val Acc:0.5882
2026-08-10 08:35:28 - INFO - A09 Epoch 16 | Train Acc:0.4938 Val Acc:0.7059
2026-08-10 08:35:28 - INFO - A09 Epoch 17 | Train Acc:0.5432 Val Acc:0.7059
2026-08-10 08:35:28 - INFO - A09 Epoch 18 | Train Acc:0.4815 Val Acc:0.7059
2026-08-10 08:35:28 - INFO - A09 Epoch 19 | Train Acc:0.4815 Val Acc:0.7059
2026-08-10 08:35:28 - INFO - A09 Epoch 20 | Train Acc:0.5432 Val Acc:0.7059
2026-08-10 08:35:28 - INFO - A09 Epoch 21 | Train Acc:0.5062 Val Acc:0.6471
2026-08-10 08:35:28 - INFO - A09 Epoch 22 | Train Acc:0.5926 Val Acc:0.7059
2026-08-10 08:35:29 - INFO - A09 Epoch 23 | Train Acc:0.6173 Val Acc:0.7059
2026-08-10 08:35:29 - INFO - A09 Epoch 24 | Train Acc:0.6173 Val Acc:0.7059
2026-08-10 08:35:29 - INFO - A09 Epoch 25 | Train Acc:0.6049 Val Acc:0.8235
2026-08-10 08:35:29 - INFO - A09 Epoch 26 | Train Acc:0.6667 Val Acc:0.5882
2026-08-10 08:35:29 - INFO - A09 Epoch 27 | Train Acc:0.6049 Val Acc:0.6471
2026-08-10 08:35:29 - INFO - A09 Epoch 28 | Train Acc:0.6049 Val Acc:0.7059
2026-08-10 08:35:29 - INFO - A09 Epoch 29 | Train Acc:0.5556 Val Acc:0.6471
2026-08-10 08:35:29 - INFO - A09 Epoch 30 | Train Acc:0.6049 Val Acc:0.7059
2026-08-10 08:35:30 - INFO - A09 Epoch 31 | Train Acc:0.6667 Val Acc:0.7059
2026-08-10 08:35:30 - INFO - A09 Epoch 32 | Train Acc:0.6790 Val Acc:0.7647
2026-08-10 08:35:30 - INFO - A09 Epoch 33 | Train Acc:0.7284 Val Acc:0.7647
2026-08-10 08:35:30 - INFO - A09 Epoch 34 | Train Acc:0.6049 Val Acc:0.6471
2026-08-10 08:35:30 - INFO - A09 Epoch 35 | Train Acc:0.6543 Val Acc:0.6471
2026-08-10 08:35:30 - INFO - A09 Epoch 36 | Train Acc:0.7160 Val Acc:0.7059
2026-08-10 08:35:30 - INFO - A09 Epoch 37 | Train Acc:0.6667 Val Acc:0.7059
2026-08-10 08:35:30 - INFO - A09 Epoch 38 | Train Acc:0.6543 Val Acc:0.6471
2026-08-10 08:35:30 - INFO - A09 Epoch 39 | Train Acc:0.6543 Val Acc:0.6471
2026-08-10 08:35:31 - INFO - A09 Epoch 40 | Train Acc:0.6790 Val Acc:0.6471
2026-08-10 08:35:31 - INFO - A09 Epoch 41 | Train Acc:0.6667 Val Acc:0.6471
2026-08-10 08:35:31 - INFO - A09 Epoch 42 | Train Acc:0.7531 Val Acc:0.6471
2026-08-10 08:35:31 - INFO - A09 Epoch 43 | Train Acc:0.7654 Val Acc:0.5882
2026-08-10 08:35:31 - INFO - A09 Epoch 44 | Train Acc:0.6543 Val Acc:0.5882
2026-08-10 08:35:31 - INFO - A09 Epoch 45 | Train Acc:0.6049 Val Acc:0.5882
2026-08-10 08:35:31 - INFO - A09 Epoch 46 | Train Acc:0.7037 Val Acc:0.6471
2026-08-10 08:35:31 - INFO - A09 Epoch 47 | Train Acc:0.7531 Val Acc:0.6471
2026-08-10 08:35:32 - INFO - A09 Epoch 48 | Train Acc:0.7284 Val Acc:0.6471
2026-08-10 08:35:32 - INFO - A09 Epoch 49 | Train Acc:0.7160 Val Acc:0.6471
2026-08-10 08:35:32 - INFO - A09 Epoch 50 | Train Acc:0.6914 Val Acc:0.6471
2026-08-10 08:35:32 - INFO - A09 Epoch 51 | Train Acc:0.6296 Val Acc:0.6471
2026-08-10 08:35:32 - INFO - A09 Epoch 52 | Train Acc:0.7531 Val Acc:0.6471
2026-08-10 08:35:32 - INFO - A09 Epoch 53 | Train Acc:0.7284 Val Acc:0.6471
2026-08-10 08:35:32 - INFO - A09 Epoch 54 | Train Acc:0.6543 Val Acc:0.6471
2026-08-10 08:35:32 - INFO - A09 Epoch 55 | Train Acc:0.7284 Val Acc:0.6471
2026-08-10 08:35:33 - INFO - A09 Epoch 56 | Train Acc:0.6420 Val Acc:0.6471
2026-08-10 08:35:33 - INFO - A09 Epoch 57 | Train Acc:0.6667 Val Acc:0.6471
2026-08-10 08:35:33 - INFO - A09 Epoch 58 | Train Acc:0.6914 Val Acc:0.6471
2026-08-10 08:35:33 - INFO - A09 Epoch 59 | Train Acc:0.6914 Val Acc:0.6471
2026-08-10 08:35:33 - INFO - A09 Epoch 60 | Train Acc:0.7407 Val Acc:0.6471
2026-08-10 08:35:33 - INFO - A09 Epoch 61 | Train Acc:0.7407 Val Acc:0.5294
2026-08-10 08:35:33 - INFO - A09 Epoch 62 | Train Acc:0.6420 Val Acc:0.5882
2026-08-10 08:35:33 - INFO - A09 Epoch 63 | Train Acc:0.7284 Val Acc:0.5882
2026-08-10 08:35:34 - INFO - A09 Epoch 64 | Train Acc:0.6790 Val Acc:0.6471
2026-08-10 08:35:34 - INFO - A09 Epoch 65 | Train Acc:0.6790 Val Acc:0.5882
2026-08-10 08:35:34 - INFO - A09 Epoch 66 | Train Acc:0.6790 Val Acc:0.5882
2026-08-10 08:35:34 - INFO - A09 Epoch 67 | Train Acc:0.7407 Val Acc:0.6471
2026-08-10 08:35:34 - INFO - A09 Epoch 68 | Train Acc:0.7037 Val Acc:0.6471
2026-08-10 08:35:34 - INFO - A09 Epoch 69 | Train Acc:0.7284 Val Acc:0.6471
2026-08-10 08:35:34 - INFO - A09 Epoch 70 | Train Acc:0.6420 Val Acc:0.6471
2026-08-10 08:35:34 - INFO - A09 Epoch 71 | Train Acc:0.6420 Val Acc:0.7059
2026-08-10 08:35:34 - INFO - A09 Epoch 72 | Train Acc:0.7778 Val Acc:0.7059
2026-08-10 08:35:35 - INFO - A09 Epoch 73 | Train Acc:0.7654 Val Acc:0.7059
2026-08-10 08:35:35 - INFO - A09 Epoch 74 | Train Acc:0.7407 Val Acc:0.7059
2026-08-10 08:35:35 - INFO - A09 Epoch 75 | Train Acc:0.8148 Val Acc:0.6471
2026-08-10 08:35:35 - INFO - A09 Epoch 76 | Train Acc:0.7407 Val Acc:0.7647
2026-08-10 08:35:35 - INFO - A09 Epoch 77 | Train Acc:0.8025 Val Acc:0.6471
2026-08-10 08:35:35 - INFO - A09 Epoch 78 | Train Acc:0.7037 Val Acc:0.6471
2026-08-10 08:35:35 - INFO - A09 Epoch 79 | Train Acc:0.8025 Val Acc:0.6471
2026-08-10 08:35:35 - INFO - A09 Epoch 80 | Train Acc:0.6914 Val Acc:0.6471
2026-08-10 08:35:36 - INFO - A09 Epoch 81 | Train Acc:0.7778 Val Acc:0.6471
2026-08-10 08:35:36 - INFO - A09 Epoch 82 | Train Acc:0.7284 Val Acc:0.6471
2026-08-10 08:35:36 - INFO - A09 Epoch 83 | Train Acc:0.8148 Val Acc:0.6471
2026-08-10 08:35:36 - INFO - A09 Epoch 84 | Train Acc:0.8025 Val Acc:0.7059
2026-08-10 08:35:36 - INFO - A09 Epoch 85 | Train Acc:0.7901 Val Acc:0.5882
2026-08-10 08:35:36 - INFO - A09 Epoch 86 | Train Acc:0.8025 Val Acc:0.5882
2026-08-10 08:35:36 - INFO - A09 Epoch 87 | Train Acc:0.7654 Val Acc:0.5882
2026-08-10 08:35:36 - INFO - A09 Epoch 88 | Train Acc:0.7901 Val Acc:0.7647
2026-08-10 08:35:37 - INFO - A09 Epoch 89 | Train Acc:0.7160 Val Acc:0.6471
2026-08-10 08:35:37 - INFO - A09 Epoch 90 | Train Acc:0.7778 Val Acc:0.4706
2026-08-10 08:35:37 - INFO - A09 Epoch 91 | Train Acc:0.8272 Val Acc:0.5882
2026-08-10 08:35:37 - INFO - A09 Epoch 92 | Train Acc:0.7778 Val Acc:0.5882
2026-08-10 08:35:37 - INFO - A09 Epoch 93 | Train Acc:0.7407 Val Acc:0.6471
2026-08-10 08:35:37 - INFO - A09 Epoch 94 | Train Acc:0.7284 Val Acc:0.5882
2026-08-10 08:35:37 - INFO - A09 Epoch 95 | Train Acc:0.7531 Val Acc:0.4706
2026-08-10 08:35:37 - INFO - A09 Epoch 96 | Train Acc:0.6667 Val Acc:0.5882
2026-08-10 08:35:38 - INFO - A09 Epoch 97 | Train Acc:0.7531 Val Acc:0.5882
2026-08-10 08:35:38 - INFO - A09 Epoch 98 | Train Acc:0.7284 Val Acc:0.7059
2026-08-10 08:35:38 - INFO - A09 Epoch 99 | Train Acc:0.7531 Val Acc:0.7059
2026-08-10 08:35:38 - INFO - A09 Epoch 100 | Train Acc:0.7531 Val Acc:0.5882
2026-08-10 08:35:40 - INFO - A09 Fixed Train Finished | Test Acc = 0.5000
2026-08-10 08:35:40 - INFO - ======== Global Fixed Result ========
2026-08-10 08:35:41 - INFO - Global Acc:0.4571  Mean Single Subject Test Acc:0.4539
2026-08-10 09:11:09 - INFO - A01 | Train:179 Val:38 Test:39
2026-08-10 09:11:14 - INFO - 
==== Start Train Fixed A01 ====
2026-08-10 09:11:15 - INFO - A01 Epoch 01 | Train Acc:0.2458 Val Acc:0.2632
2026-08-10 09:11:15 - INFO - A01 Epoch 02 | Train Acc:0.3911 Val Acc:0.3421
2026-08-10 09:11:15 - INFO - A01 Epoch 03 | Train Acc:0.4302 Val Acc:0.3421
2026-08-10 09:11:16 - INFO - A01 Epoch 04 | Train Acc:0.5028 Val Acc:0.3947
2026-08-10 09:11:16 - INFO - A01 Epoch 05 | Train Acc:0.4469 Val Acc:0.4737
2026-08-10 09:11:16 - INFO - A01 Epoch 06 | Train Acc:0.4693 Val Acc:0.5000
2026-08-10 09:11:16 - INFO - A01 Epoch 07 | Train Acc:0.4469 Val Acc:0.3947
2026-08-10 09:11:17 - INFO - A01 Epoch 08 | Train Acc:0.4581 Val Acc:0.5263
2026-08-10 09:11:17 - INFO - A01 Epoch 09 | Train Acc:0.4860 Val Acc:0.4737
2026-08-10 09:11:17 - INFO - A01 Epoch 10 | Train Acc:0.5251 Val Acc:0.4474
2026-08-10 09:11:17 - INFO - A01 Epoch 11 | Train Acc:0.4972 Val Acc:0.4737
2026-08-10 09:11:18 - INFO - A01 Epoch 12 | Train Acc:0.5363 Val Acc:0.4211
2026-08-10 09:11:18 - INFO - A01 Epoch 13 | Train Acc:0.4916 Val Acc:0.5000
2026-08-10 09:11:18 - INFO - A01 Epoch 14 | Train Acc:0.4860 Val Acc:0.5000
2026-08-10 09:11:18 - INFO - A01 Epoch 15 | Train Acc:0.5140 Val Acc:0.4737
2026-08-10 09:11:19 - INFO - A01 Epoch 16 | Train Acc:0.5363 Val Acc:0.4737
2026-08-10 09:11:19 - INFO - A01 Epoch 17 | Train Acc:0.5140 Val Acc:0.4737
2026-08-10 09:11:19 - INFO - A01 Epoch 18 | Train Acc:0.5419 Val Acc:0.4737
2026-08-10 09:11:19 - INFO - A01 Epoch 19 | Train Acc:0.5307 Val Acc:0.4737
2026-08-10 09:11:20 - INFO - A01 Epoch 20 | Train Acc:0.4804 Val Acc:0.5000
2026-08-10 09:11:20 - INFO - A01 Epoch 21 | Train Acc:0.4693 Val Acc:0.5000
2026-08-10 09:11:20 - INFO - A01 Epoch 22 | Train Acc:0.5196 Val Acc:0.4737
2026-08-10 09:11:20 - INFO - A01 Epoch 23 | Train Acc:0.4860 Val Acc:0.5000
2026-08-10 09:11:21 - INFO - A01 Epoch 24 | Train Acc:0.4860 Val Acc:0.5000
2026-08-10 09:11:21 - INFO - A01 Epoch 25 | Train Acc:0.4916 Val Acc:0.4474
2026-08-10 09:11:21 - INFO - A01 Epoch 26 | Train Acc:0.4860 Val Acc:0.4737
2026-08-10 09:11:21 - INFO - A01 Epoch 27 | Train Acc:0.5531 Val Acc:0.4211
2026-08-10 09:11:22 - INFO - A01 Epoch 28 | Train Acc:0.5475 Val Acc:0.5000
2026-08-10 09:11:22 - INFO - A01 Epoch 29 | Train Acc:0.5196 Val Acc:0.4737
2026-08-10 09:11:22 - INFO - A01 Epoch 30 | Train Acc:0.5251 Val Acc:0.4474
2026-08-10 09:11:22 - INFO - A01 Epoch 31 | Train Acc:0.5363 Val Acc:0.3684
2026-08-10 09:11:23 - INFO - A01 Epoch 32 | Train Acc:0.5363 Val Acc:0.5000
2026-08-10 09:11:23 - INFO - A01 Epoch 33 | Train Acc:0.5307 Val Acc:0.3947
2026-08-10 09:11:23 - INFO - A01 Epoch 34 | Train Acc:0.5363 Val Acc:0.4474
2026-08-10 09:11:23 - INFO - A01 Epoch 35 | Train Acc:0.5754 Val Acc:0.4474
2026-08-10 09:11:24 - INFO - A01 Epoch 36 | Train Acc:0.6369 Val Acc:0.4737
2026-08-10 09:11:24 - INFO - A01 Epoch 37 | Train Acc:0.5531 Val Acc:0.4211
2026-08-10 09:11:24 - INFO - A01 Epoch 38 | Train Acc:0.5866 Val Acc:0.4737
2026-08-10 09:11:24 - INFO - A01 Epoch 39 | Train Acc:0.6201 Val Acc:0.5000
2026-08-10 09:11:25 - INFO - A01 Epoch 40 | Train Acc:0.5531 Val Acc:0.4474
2026-08-10 09:11:25 - INFO - A01 Epoch 41 | Train Acc:0.5978 Val Acc:0.4474
2026-08-10 09:11:25 - INFO - A01 Epoch 42 | Train Acc:0.6313 Val Acc:0.5000
2026-08-10 09:11:25 - INFO - A01 Epoch 43 | Train Acc:0.6034 Val Acc:0.4211
2026-08-10 09:11:26 - INFO - A01 Epoch 44 | Train Acc:0.6425 Val Acc:0.5000
2026-08-10 09:11:26 - INFO - A01 Epoch 45 | Train Acc:0.6145 Val Acc:0.4737
2026-08-10 09:11:26 - INFO - A01 Epoch 46 | Train Acc:0.5922 Val Acc:0.4474
2026-08-10 09:11:26 - INFO - A01 Epoch 47 | Train Acc:0.5922 Val Acc:0.4211
2026-08-10 09:11:27 - INFO - A01 Epoch 48 | Train Acc:0.6648 Val Acc:0.4211
2026-08-10 09:11:27 - INFO - A01 Epoch 49 | Train Acc:0.6313 Val Acc:0.4737
2026-08-10 09:11:27 - INFO - A01 Epoch 50 | Train Acc:0.6480 Val Acc:0.4737
2026-08-10 09:11:27 - INFO - A01 Epoch 51 | Train Acc:0.5754 Val Acc:0.4737
2026-08-10 09:11:28 - INFO - A01 Epoch 52 | Train Acc:0.6201 Val Acc:0.4474
2026-08-10 09:11:28 - INFO - A01 Epoch 53 | Train Acc:0.6034 Val Acc:0.4211
2026-08-10 09:11:28 - INFO - A01 Epoch 54 | Train Acc:0.6592 Val Acc:0.4474
2026-08-10 09:11:28 - INFO - A01 Epoch 55 | Train Acc:0.6089 Val Acc:0.4474
2026-08-10 09:11:29 - INFO - A01 Epoch 56 | Train Acc:0.6536 Val Acc:0.4474
2026-08-10 09:11:29 - INFO - A01 Epoch 57 | Train Acc:0.6145 Val Acc:0.4474
2026-08-10 09:11:29 - INFO - A01 Epoch 58 | Train Acc:0.5922 Val Acc:0.4474
2026-08-10 09:15:36 - INFO - A01 | Train:179 Val:38 Test:39
2026-08-10 09:15:40 - INFO - 
==== Start Train Fixed A01 ====
2026-08-10 09:15:41 - INFO - A01 Epoch 01 | Train Acc:0.2458 Val Acc:0.2632
2026-08-10 09:15:41 - INFO - A01 Epoch 02 | Train Acc:0.3911 Val Acc:0.3421
2026-08-10 09:15:42 - INFO - A01 Epoch 03 | Train Acc:0.4302 Val Acc:0.3421
2026-08-10 09:15:42 - INFO - A01 Epoch 04 | Train Acc:0.5028 Val Acc:0.3947
2026-08-10 09:15:42 - INFO - A01 Epoch 05 | Train Acc:0.4469 Val Acc:0.4737
2026-08-10 09:15:42 - INFO - A01 Epoch 06 | Train Acc:0.4693 Val Acc:0.5000
2026-08-10 09:15:43 - INFO - A01 Epoch 07 | Train Acc:0.4469 Val Acc:0.3947
2026-08-10 09:15:43 - INFO - A01 Epoch 08 | Train Acc:0.4581 Val Acc:0.5263
2026-08-10 09:15:43 - INFO - A01 Epoch 09 | Train Acc:0.4860 Val Acc:0.4737
2026-08-10 09:15:43 - INFO - A01 Epoch 10 | Train Acc:0.5251 Val Acc:0.4474
2026-08-10 09:15:44 - INFO - A01 Epoch 11 | Train Acc:0.4972 Val Acc:0.4737
2026-08-10 09:15:44 - INFO - A01 Epoch 12 | Train Acc:0.5363 Val Acc:0.4211
2026-08-10 09:15:44 - INFO - A01 Epoch 13 | Train Acc:0.4916 Val Acc:0.5000
2026-08-10 09:15:44 - INFO - A01 Epoch 14 | Train Acc:0.4860 Val Acc:0.5000
2026-08-10 09:15:45 - INFO - A01 Epoch 15 | Train Acc:0.5140 Val Acc:0.4737
2026-08-10 09:15:45 - INFO - A01 Epoch 16 | Train Acc:0.5363 Val Acc:0.4737
2026-08-10 09:15:45 - INFO - A01 Epoch 17 | Train Acc:0.5140 Val Acc:0.4737
2026-08-10 09:15:45 - INFO - A01 Epoch 18 | Train Acc:0.5419 Val Acc:0.4737
2026-08-10 09:15:46 - INFO - A01 Epoch 19 | Train Acc:0.5307 Val Acc:0.4737
2026-08-10 09:15:46 - INFO - A01 Epoch 20 | Train Acc:0.4804 Val Acc:0.5000
2026-08-10 09:15:46 - INFO - A01 Epoch 21 | Train Acc:0.4693 Val Acc:0.5000
2026-08-10 09:15:46 - INFO - A01 Epoch 22 | Train Acc:0.5196 Val Acc:0.4737
2026-08-10 09:15:47 - INFO - A01 Epoch 23 | Train Acc:0.4860 Val Acc:0.5000
2026-08-10 09:15:47 - INFO - A01 Epoch 24 | Train Acc:0.4860 Val Acc:0.5000
2026-08-10 09:15:47 - INFO - A01 Epoch 25 | Train Acc:0.4916 Val Acc:0.4474
2026-08-10 09:15:47 - INFO - A01 Epoch 26 | Train Acc:0.4860 Val Acc:0.4737
2026-08-10 09:15:48 - INFO - A01 Epoch 27 | Train Acc:0.5531 Val Acc:0.4211
2026-08-10 09:15:48 - INFO - A01 Epoch 28 | Train Acc:0.5475 Val Acc:0.5000
2026-08-10 09:15:48 - INFO - A01 Epoch 29 | Train Acc:0.5196 Val Acc:0.4737
2026-08-10 09:15:48 - INFO - A01 Epoch 30 | Train Acc:0.5251 Val Acc:0.4474
2026-08-10 09:15:49 - INFO - A01 Epoch 31 | Train Acc:0.5363 Val Acc:0.3684
2026-08-10 09:15:49 - INFO - A01 Epoch 32 | Train Acc:0.5363 Val Acc:0.5000
2026-08-10 09:15:49 - INFO - A01 Epoch 33 | Train Acc:0.5307 Val Acc:0.3947
2026-08-10 09:15:49 - INFO - A01 Epoch 34 | Train Acc:0.5363 Val Acc:0.4474
2026-08-10 09:15:50 - INFO - A01 Epoch 35 | Train Acc:0.5754 Val Acc:0.4474
2026-08-10 09:15:50 - INFO - A01 Epoch 36 | Train Acc:0.6369 Val Acc:0.4737
2026-08-10 09:15:50 - INFO - A01 Epoch 37 | Train Acc:0.5531 Val Acc:0.4211
2026-08-10 09:15:50 - INFO - A01 Epoch 38 | Train Acc:0.5866 Val Acc:0.4737
2026-08-10 09:15:51 - INFO - A01 Epoch 39 | Train Acc:0.6201 Val Acc:0.5000
2026-08-10 09:15:51 - INFO - A01 Epoch 40 | Train Acc:0.5531 Val Acc:0.4474
2026-08-10 09:15:51 - INFO - A01 Epoch 41 | Train Acc:0.5978 Val Acc:0.4474
2026-08-10 09:15:51 - INFO - A01 Epoch 42 | Train Acc:0.6313 Val Acc:0.5000
2026-08-10 09:15:51 - INFO - A01 Epoch 43 | Train Acc:0.6034 Val Acc:0.4211
2026-08-10 09:15:52 - INFO - A01 Epoch 44 | Train Acc:0.6425 Val Acc:0.5000
2026-08-10 09:15:52 - INFO - A01 Epoch 45 | Train Acc:0.6145 Val Acc:0.4737
2026-08-10 09:15:52 - INFO - A01 Epoch 46 | Train Acc:0.5922 Val Acc:0.4474
2026-08-10 09:15:52 - INFO - A01 Epoch 47 | Train Acc:0.5922 Val Acc:0.4211
2026-08-10 09:15:53 - INFO - A01 Epoch 48 | Train Acc:0.6648 Val Acc:0.4211
2026-08-10 09:15:53 - INFO - A01 Epoch 49 | Train Acc:0.6313 Val Acc:0.4737
2026-08-10 09:15:53 - INFO - A01 Epoch 50 | Train Acc:0.6480 Val Acc:0.4737
2026-08-10 09:15:53 - INFO - A01 Epoch 51 | Train Acc:0.5754 Val Acc:0.4737
2026-08-10 09:15:54 - INFO - A01 Epoch 52 | Train Acc:0.6201 Val Acc:0.4474
2026-08-10 09:15:54 - INFO - A01 Epoch 53 | Train Acc:0.6034 Val Acc:0.4211
2026-08-10 09:15:54 - INFO - A01 Epoch 54 | Train Acc:0.6592 Val Acc:0.4474
2026-08-10 09:15:54 - INFO - A01 Epoch 55 | Train Acc:0.6089 Val Acc:0.4474
2026-08-10 09:15:55 - INFO - A01 Epoch 56 | Train Acc:0.6536 Val Acc:0.4474
2026-08-10 09:15:55 - INFO - A01 Epoch 57 | Train Acc:0.6145 Val Acc:0.4474
2026-08-10 09:15:55 - INFO - A01 Epoch 58 | Train Acc:0.5922 Val Acc:0.4474
2026-08-10 09:15:55 - INFO - A01 Epoch 59 | Train Acc:0.5922 Val Acc:0.4474
2026-08-10 09:15:56 - INFO - A01 Epoch 60 | Train Acc:0.6201 Val Acc:0.4474
2026-08-10 09:15:56 - INFO - A01 Epoch 61 | Train Acc:0.6201 Val Acc:0.4474
2026-08-10 09:15:56 - INFO - A01 Epoch 62 | Train Acc:0.6648 Val Acc:0.5263
2026-08-10 09:15:56 - INFO - A01 Epoch 63 | Train Acc:0.6257 Val Acc:0.5263
2026-08-10 09:15:57 - INFO - A01 Epoch 64 | Train Acc:0.6536 Val Acc:0.5263
2026-08-10 09:15:57 - INFO - A01 Epoch 65 | Train Acc:0.5978 Val Acc:0.5000
2026-08-10 09:15:57 - INFO - A01 Epoch 66 | Train Acc:0.6089 Val Acc:0.5000
2026-08-10 09:15:57 - INFO - A01 Epoch 67 | Train Acc:0.6089 Val Acc:0.5263
2026-08-10 09:15:58 - INFO - A01 Epoch 68 | Train Acc:0.5978 Val Acc:0.5263
2026-08-10 09:15:58 - INFO - A01 Epoch 69 | Train Acc:0.6089 Val Acc:0.5000
2026-08-10 09:15:58 - INFO - A01 Epoch 70 | Train Acc:0.6369 Val Acc:0.4474
2026-08-10 09:15:58 - INFO - A01 Epoch 71 | Train Acc:0.6034 Val Acc:0.4474
2026-08-10 09:15:59 - INFO - A01 Epoch 72 | Train Acc:0.6034 Val Acc:0.4211
2026-08-10 09:15:59 - INFO - A01 Epoch 73 | Train Acc:0.6760 Val Acc:0.4737
2026-08-10 09:15:59 - INFO - A01 Epoch 74 | Train Acc:0.6145 Val Acc:0.3684
2026-08-10 09:15:59 - INFO - A01 Epoch 75 | Train Acc:0.6034 Val Acc:0.5526
2026-08-10 09:16:00 - INFO - A01 Epoch 76 | Train Acc:0.6648 Val Acc:0.4737
2026-08-10 09:16:00 - INFO - A01 Epoch 77 | Train Acc:0.6145 Val Acc:0.4474
2026-08-10 09:16:00 - INFO - A01 Epoch 78 | Train Acc:0.5698 Val Acc:0.5000
2026-08-10 09:16:00 - INFO - A01 Epoch 79 | Train Acc:0.6536 Val Acc:0.5526
2026-08-10 09:16:00 - INFO - A01 Epoch 80 | Train Acc:0.6257 Val Acc:0.4211
2026-08-10 09:16:01 - INFO - A01 Epoch 81 | Train Acc:0.6760 Val Acc:0.5789
2026-08-10 09:16:01 - INFO - A01 Epoch 82 | Train Acc:0.5978 Val Acc:0.5526
2026-08-10 09:16:01 - INFO - A01 Epoch 83 | Train Acc:0.6760 Val Acc:0.5000
2026-08-10 09:16:01 - INFO - A01 Epoch 84 | Train Acc:0.6536 Val Acc:0.5789
2026-08-10 09:16:02 - INFO - A01 Epoch 85 | Train Acc:0.6369 Val Acc:0.5000
2026-08-10 09:16:02 - INFO - A01 Epoch 86 | Train Acc:0.6425 Val Acc:0.5526
2026-08-10 09:16:02 - INFO - A01 Epoch 87 | Train Acc:0.6760 Val Acc:0.5526
2026-08-10 09:16:02 - INFO - A01 Epoch 88 | Train Acc:0.6480 Val Acc:0.4737
2026-08-10 09:16:03 - INFO - A01 Epoch 89 | Train Acc:0.7151 Val Acc:0.5263
2026-08-10 09:16:03 - INFO - A01 Epoch 90 | Train Acc:0.6089 Val Acc:0.4474
2026-08-10 09:16:03 - INFO - A01 Epoch 91 | Train Acc:0.6648 Val Acc:0.5526
2026-08-10 09:16:03 - INFO - A01 Epoch 92 | Train Acc:0.6816 Val Acc:0.5263
2026-08-10 09:16:04 - INFO - A01 Epoch 93 | Train Acc:0.6760 Val Acc:0.5000
2026-08-10 09:16:04 - INFO - A01 Epoch 94 | Train Acc:0.6983 Val Acc:0.5263
2026-08-10 09:16:04 - INFO - A01 Epoch 95 | Train Acc:0.7095 Val Acc:0.5789
2026-08-10 09:16:04 - INFO - A01 Epoch 96 | Train Acc:0.6536 Val Acc:0.4737
2026-08-10 09:16:05 - INFO - A01 Epoch 97 | Train Acc:0.6369 Val Acc:0.5263
2026-08-10 09:16:05 - INFO - A01 Epoch 98 | Train Acc:0.6592 Val Acc:0.5263
2026-08-10 09:16:05 - INFO - A01 Epoch 99 | Train Acc:0.7151 Val Acc:0.4737
2026-08-10 09:16:05 - INFO - A01 Epoch 100 | Train Acc:0.6480 Val Acc:0.4737
2026-08-10 09:16:07 - INFO - A01 Fixed Train Finished | Test Acc = 0.5897
2026-08-10 09:16:07 - INFO - A02 | Train:191 Val:41 Test:41
2026-08-10 09:16:07 - INFO - 
==== Start Train Fixed A02 ====
2026-08-10 09:16:08 - INFO - A02 Epoch 01 | Train Acc:0.2513 Val Acc:0.2195
2026-08-10 09:16:08 - INFO - A02 Epoch 02 | Train Acc:0.2094 Val Acc:0.2195
2026-08-10 09:16:08 - INFO - A02 Epoch 03 | Train Acc:0.2827 Val Acc:0.2683
2026-08-10 09:16:09 - INFO - A02 Epoch 04 | Train Acc:0.1937 Val Acc:0.2195
2026-08-10 09:16:09 - INFO - A02 Epoch 05 | Train Acc:0.2775 Val Acc:0.2439
2026-08-10 09:16:09 - INFO - A02 Epoch 06 | Train Acc:0.2775 Val Acc:0.2683
2026-08-10 09:16:09 - INFO - A02 Epoch 07 | Train Acc:0.2827 Val Acc:0.2195
2026-08-10 09:16:10 - INFO - A02 Epoch 08 | Train Acc:0.3089 Val Acc:0.1951
2026-08-10 09:16:10 - INFO - A02 Epoch 09 | Train Acc:0.2880 Val Acc:0.2439
2026-08-10 09:16:10 - INFO - A02 Epoch 10 | Train Acc:0.3141 Val Acc:0.1951
2026-08-10 09:16:10 - INFO - A02 Epoch 11 | Train Acc:0.2775 Val Acc:0.1951
2026-08-10 09:18:18 - INFO - A01 | Train:179 Val:38 Test:39
2026-08-10 09:18:23 - INFO - 
==== Start Train Fixed A01 ====
2026-08-10 09:18:24 - INFO - A01 Epoch 01 | Train Acc:0.2458 Val Acc:0.2632
2026-08-10 09:18:24 - INFO - A01 Epoch 02 | Train Acc:0.3911 Val Acc:0.3421
2026-08-10 09:18:24 - INFO - A01 Epoch 03 | Train Acc:0.4302 Val Acc:0.3421
2026-08-10 09:18:24 - INFO - A01 Epoch 04 | Train Acc:0.5028 Val Acc:0.3947
2026-08-10 09:18:25 - INFO - A01 Epoch 05 | Train Acc:0.4469 Val Acc:0.4737
2026-08-10 09:18:25 - INFO - A01 Epoch 06 | Train Acc:0.4693 Val Acc:0.5000
2026-08-10 09:18:25 - INFO - A01 Epoch 07 | Train Acc:0.4469 Val Acc:0.3947
2026-08-10 09:18:25 - INFO - A01 Epoch 08 | Train Acc:0.4581 Val Acc:0.5263
2026-08-10 09:18:26 - INFO - A01 Epoch 09 | Train Acc:0.4860 Val Acc:0.4737
2026-08-10 09:18:26 - INFO - A01 Epoch 10 | Train Acc:0.5251 Val Acc:0.4474
2026-08-10 09:18:26 - INFO - A01 Epoch 11 | Train Acc:0.4972 Val Acc:0.4737
2026-08-10 09:18:26 - INFO - A01 Epoch 12 | Train Acc:0.5363 Val Acc:0.4211
2026-08-10 09:18:27 - INFO - A01 Epoch 13 | Train Acc:0.4916 Val Acc:0.5000
2026-08-10 09:18:27 - INFO - A01 Epoch 14 | Train Acc:0.4860 Val Acc:0.5000
2026-08-10 09:18:27 - INFO - A01 Epoch 15 | Train Acc:0.5140 Val Acc:0.4737
2026-08-10 09:18:28 - INFO - A01 Epoch 16 | Train Acc:0.5363 Val Acc:0.4737
2026-08-10 09:18:28 - INFO - A01 Epoch 17 | Train Acc:0.5140 Val Acc:0.4737
2026-08-10 09:18:28 - INFO - A01 Epoch 18 | Train Acc:0.5419 Val Acc:0.4737
2026-08-10 09:18:28 - INFO - A01 Epoch 19 | Train Acc:0.5307 Val Acc:0.4737
2026-08-10 09:18:29 - INFO - A01 Epoch 20 | Train Acc:0.4804 Val Acc:0.5000
2026-08-10 09:18:29 - INFO - A01 Epoch 21 | Train Acc:0.4693 Val Acc:0.5000
2026-08-10 09:18:29 - INFO - A01 Epoch 22 | Train Acc:0.5196 Val Acc:0.4737
2026-08-10 09:18:29 - INFO - A01 Epoch 23 | Train Acc:0.4860 Val Acc:0.5000
2026-08-10 09:18:29 - INFO - A01 Epoch 24 | Train Acc:0.4860 Val Acc:0.5000
2026-08-10 09:18:30 - INFO - A01 Epoch 25 | Train Acc:0.4916 Val Acc:0.4474
2026-08-10 09:18:30 - INFO - A01 Epoch 26 | Train Acc:0.4860 Val Acc:0.4737
2026-08-10 09:18:30 - INFO - A01 Epoch 27 | Train Acc:0.5531 Val Acc:0.4211
2026-08-10 09:18:31 - INFO - A01 Epoch 28 | Train Acc:0.5475 Val Acc:0.5000
2026-08-10 09:18:31 - INFO - A01 Epoch 29 | Train Acc:0.5196 Val Acc:0.4737
2026-08-10 09:18:31 - INFO - A01 Epoch 30 | Train Acc:0.5251 Val Acc:0.4474
2026-08-10 09:18:31 - INFO - A01 Epoch 31 | Train Acc:0.5363 Val Acc:0.3684
2026-08-10 09:18:32 - INFO - A01 Epoch 32 | Train Acc:0.5363 Val Acc:0.5000
2026-08-10 09:18:32 - INFO - A01 Epoch 33 | Train Acc:0.5307 Val Acc:0.3947
2026-08-10 09:18:32 - INFO - A01 Epoch 34 | Train Acc:0.5363 Val Acc:0.4474
2026-08-10 09:18:32 - INFO - A01 Epoch 35 | Train Acc:0.5754 Val Acc:0.4474
2026-08-10 09:18:33 - INFO - A01 Epoch 36 | Train Acc:0.6369 Val Acc:0.4737
2026-08-10 09:18:33 - INFO - A01 Epoch 37 | Train Acc:0.5531 Val Acc:0.4211
2026-08-10 09:18:33 - INFO - A01 Epoch 38 | Train Acc:0.5866 Val Acc:0.4737
2026-08-10 09:18:33 - INFO - A01 Epoch 39 | Train Acc:0.6201 Val Acc:0.5000
2026-08-10 09:18:34 - INFO - A01 Epoch 40 | Train Acc:0.5531 Val Acc:0.4474
2026-08-10 09:18:34 - INFO - A01 Epoch 41 | Train Acc:0.5978 Val Acc:0.4474
2026-08-10 09:18:34 - INFO - A01 Epoch 42 | Train Acc:0.6313 Val Acc:0.5000
2026-08-10 09:18:34 - INFO - A01 Epoch 43 | Train Acc:0.6034 Val Acc:0.4211
2026-08-10 09:18:35 - INFO - A01 Epoch 44 | Train Acc:0.6425 Val Acc:0.5000
2026-08-10 09:18:35 - INFO - A01 Epoch 45 | Train Acc:0.6145 Val Acc:0.4737
2026-08-10 09:18:35 - INFO - A01 Epoch 46 | Train Acc:0.5922 Val Acc:0.4474
2026-08-10 09:18:35 - INFO - A01 Epoch 47 | Train Acc:0.5922 Val Acc:0.4211
2026-08-10 09:18:36 - INFO - A01 Epoch 48 | Train Acc:0.6648 Val Acc:0.4211
2026-08-10 09:18:36 - INFO - A01 Epoch 49 | Train Acc:0.6313 Val Acc:0.4737
2026-08-10 09:18:36 - INFO - A01 Epoch 50 | Train Acc:0.6480 Val Acc:0.4737
2026-08-10 09:18:36 - INFO - A01 Epoch 51 | Train Acc:0.5754 Val Acc:0.4737
2026-08-10 09:18:37 - INFO - A01 Epoch 52 | Train Acc:0.6201 Val Acc:0.4474
2026-08-10 09:18:37 - INFO - A01 Epoch 53 | Train Acc:0.6034 Val Acc:0.4211
2026-08-10 09:18:37 - INFO - A01 Epoch 54 | Train Acc:0.6592 Val Acc:0.4474
2026-08-10 09:18:37 - INFO - A01 Epoch 55 | Train Acc:0.6089 Val Acc:0.4474
2026-08-10 09:18:38 - INFO - A01 Epoch 56 | Train Acc:0.6536 Val Acc:0.4474
2026-08-10 09:18:38 - INFO - A01 Epoch 57 | Train Acc:0.6145 Val Acc:0.4474
2026-08-10 09:18:38 - INFO - A01 Epoch 58 | Train Acc:0.5922 Val Acc:0.4474
2026-08-10 09:18:38 - INFO - A01 Epoch 59 | Train Acc:0.5922 Val Acc:0.4474
2026-08-10 09:18:39 - INFO - A01 Epoch 60 | Train Acc:0.6201 Val Acc:0.4474
2026-08-10 09:18:39 - INFO - A01 Epoch 61 | Train Acc:0.6201 Val Acc:0.4474
2026-08-10 09:18:39 - INFO - A01 Epoch 62 | Train Acc:0.6648 Val Acc:0.5263
2026-08-10 09:18:39 - INFO - A01 Epoch 63 | Train Acc:0.6257 Val Acc:0.5263
2026-08-10 09:18:40 - INFO - A01 Epoch 64 | Train Acc:0.6536 Val Acc:0.5263
2026-08-10 09:18:40 - INFO - A01 Epoch 65 | Train Acc:0.5978 Val Acc:0.5000
2026-08-10 09:18:40 - INFO - A01 Epoch 66 | Train Acc:0.6089 Val Acc:0.5000
2026-08-10 09:18:41 - INFO - A01 Epoch 67 | Train Acc:0.6089 Val Acc:0.5263
2026-08-10 09:18:41 - INFO - A01 Epoch 68 | Train Acc:0.5978 Val Acc:0.5263
2026-08-10 09:18:41 - INFO - A01 Epoch 69 | Train Acc:0.6089 Val Acc:0.5000
2026-08-10 09:18:41 - INFO - A01 Epoch 70 | Train Acc:0.6369 Val Acc:0.4474
2026-08-10 09:18:42 - INFO - A01 Epoch 71 | Train Acc:0.6034 Val Acc:0.4474
2026-08-10 09:18:42 - INFO - A01 Epoch 72 | Train Acc:0.6034 Val Acc:0.4211
2026-08-10 09:18:42 - INFO - A01 Epoch 73 | Train Acc:0.6760 Val Acc:0.4737
2026-08-10 09:18:42 - INFO - A01 Epoch 74 | Train Acc:0.6145 Val Acc:0.3684
2026-08-10 09:18:43 - INFO - A01 Epoch 75 | Train Acc:0.6034 Val Acc:0.5526
2026-08-10 09:18:43 - INFO - A01 Epoch 76 | Train Acc:0.6648 Val Acc:0.4737
2026-08-10 09:18:43 - INFO - A01 Epoch 77 | Train Acc:0.6145 Val Acc:0.4474
2026-08-10 09:18:43 - INFO - A01 Epoch 78 | Train Acc:0.5698 Val Acc:0.5000
2026-08-10 09:18:44 - INFO - A01 Epoch 79 | Train Acc:0.6536 Val Acc:0.5526
2026-08-10 09:18:44 - INFO - A01 Epoch 80 | Train Acc:0.6257 Val Acc:0.4211
2026-08-10 09:18:44 - INFO - A01 Epoch 81 | Train Acc:0.6760 Val Acc:0.5789
2026-08-10 09:18:44 - INFO - A01 Epoch 82 | Train Acc:0.5978 Val Acc:0.5526
2026-08-10 09:18:45 - INFO - A01 Epoch 83 | Train Acc:0.6760 Val Acc:0.5000
2026-08-10 09:18:45 - INFO - A01 Epoch 84 | Train Acc:0.6536 Val Acc:0.5789
2026-08-10 09:18:45 - INFO - A01 Epoch 85 | Train Acc:0.6369 Val Acc:0.5000
2026-08-10 09:18:45 - INFO - A01 Epoch 86 | Train Acc:0.6425 Val Acc:0.5526
2026-08-10 09:18:46 - INFO - A01 Epoch 87 | Train Acc:0.6760 Val Acc:0.5526
2026-08-10 09:18:46 - INFO - A01 Epoch 88 | Train Acc:0.6480 Val Acc:0.4737
2026-08-10 09:18:46 - INFO - A01 Epoch 89 | Train Acc:0.7151 Val Acc:0.5263
2026-08-10 09:18:46 - INFO - A01 Epoch 90 | Train Acc:0.6089 Val Acc:0.4474
2026-08-10 09:18:47 - INFO - A01 Epoch 91 | Train Acc:0.6648 Val Acc:0.5526
2026-08-10 09:18:47 - INFO - A01 Epoch 92 | Train Acc:0.6816 Val Acc:0.5263
2026-08-10 09:18:47 - INFO - A01 Epoch 93 | Train Acc:0.6760 Val Acc:0.5000
2026-08-10 09:18:47 - INFO - A01 Epoch 94 | Train Acc:0.6983 Val Acc:0.5263
2026-08-10 09:18:48 - INFO - A01 Epoch 95 | Train Acc:0.7095 Val Acc:0.5789
2026-08-10 09:18:48 - INFO - A01 Epoch 96 | Train Acc:0.6536 Val Acc:0.4737
2026-08-10 09:18:48 - INFO - A01 Epoch 97 | Train Acc:0.6369 Val Acc:0.5263
2026-08-10 09:18:49 - INFO - A01 Epoch 98 | Train Acc:0.6592 Val Acc:0.5263
2026-08-10 09:18:49 - INFO - A01 Epoch 99 | Train Acc:0.7151 Val Acc:0.4737
2026-08-10 09:18:49 - INFO - A01 Epoch 100 | Train Acc:0.6480 Val Acc:0.4737
2026-08-10 09:18:51 - INFO - A01 Fixed Train Finished | Test Acc = 0.5897
2026-08-10 09:18:51 - INFO - A02 | Train:191 Val:41 Test:41
2026-08-10 09:18:51 - INFO - 
==== Start Train Fixed A02 ====
2026-08-10 09:18:51 - INFO - A02 Epoch 01 | Train Acc:0.2513 Val Acc:0.2195
2026-08-10 09:18:51 - INFO - A02 Epoch 02 | Train Acc:0.2094 Val Acc:0.2195
2026-08-10 09:18:52 - INFO - A02 Epoch 03 | Train Acc:0.2827 Val Acc:0.2683
2026-08-10 09:18:52 - INFO - A02 Epoch 04 | Train Acc:0.1937 Val Acc:0.2195
2026-08-10 09:18:52 - INFO - A02 Epoch 05 | Train Acc:0.2775 Val Acc:0.2439
2026-08-10 09:18:52 - INFO - A02 Epoch 06 | Train Acc:0.2775 Val Acc:0.2683
2026-08-10 09:18:53 - INFO - A02 Epoch 07 | Train Acc:0.2827 Val Acc:0.2195
2026-08-10 09:18:53 - INFO - A02 Epoch 08 | Train Acc:0.3089 Val Acc:0.1951
2026-08-10 09:18:53 - INFO - A02 Epoch 09 | Train Acc:0.2880 Val Acc:0.2439
2026-08-10 09:18:53 - INFO - A02 Epoch 10 | Train Acc:0.3141 Val Acc:0.1951
2026-08-10 09:18:54 - INFO - A02 Epoch 11 | Train Acc:0.2775 Val Acc:0.1951
2026-08-10 09:18:54 - INFO - A02 Epoch 12 | Train Acc:0.2723 Val Acc:0.2683
2026-08-10 09:18:54 - INFO - A02 Epoch 13 | Train Acc:0.3089 Val Acc:0.2683
2026-08-10 09:18:54 - INFO - A02 Epoch 14 | Train Acc:0.3089 Val Acc:0.2439
2026-08-10 09:18:55 - INFO - A02 Epoch 15 | Train Acc:0.3455 Val Acc:0.3415
2026-08-10 09:18:55 - INFO - A02 Epoch 16 | Train Acc:0.3770 Val Acc:0.3659
2026-08-10 09:18:55 - INFO - A02 Epoch 17 | Train Acc:0.3455 Val Acc:0.3171
2026-08-10 09:18:55 - INFO - A02 Epoch 18 | Train Acc:0.3403 Val Acc:0.3415
2026-08-10 09:18:56 - INFO - A02 Epoch 19 | Train Acc:0.3403 Val Acc:0.3659
2026-08-10 09:18:56 - INFO - A02 Epoch 20 | Train Acc:0.3141 Val Acc:0.3659
2026-08-10 09:18:56 - INFO - A02 Epoch 21 | Train Acc:0.2984 Val Acc:0.2683
2026-08-10 09:18:56 - INFO - A02 Epoch 22 | Train Acc:0.3246 Val Acc:0.2927
2026-08-10 09:18:57 - INFO - A02 Epoch 23 | Train Acc:0.3089 Val Acc:0.3415
2026-08-10 09:18:57 - INFO - A02 Epoch 24 | Train Acc:0.3455 Val Acc:0.2195
2026-08-10 09:18:57 - INFO - A02 Epoch 25 | Train Acc:0.2775 Val Acc:0.2927
2026-08-10 09:18:57 - INFO - A02 Epoch 26 | Train Acc:0.3194 Val Acc:0.2927
2026-08-10 09:18:58 - INFO - A02 Epoch 27 | Train Acc:0.3089 Val Acc:0.2927
2026-08-10 09:18:58 - INFO - A02 Epoch 28 | Train Acc:0.3037 Val Acc:0.1951
2026-08-10 09:18:58 - INFO - A02 Epoch 29 | Train Acc:0.3351 Val Acc:0.3171
2026-08-10 09:18:59 - INFO - A02 Epoch 30 | Train Acc:0.3508 Val Acc:0.2195
2026-08-10 09:18:59 - INFO - A02 Epoch 31 | Train Acc:0.3403 Val Acc:0.3415
2026-08-10 09:18:59 - INFO - A02 Epoch 32 | Train Acc:0.2984 Val Acc:0.2439
2026-08-10 09:18:59 - INFO - A02 Epoch 33 | Train Acc:0.3246 Val Acc:0.3415
2026-08-10 09:19:00 - INFO - A02 Epoch 34 | Train Acc:0.3089 Val Acc:0.2683
2026-08-10 09:19:00 - INFO - A02 Epoch 35 | Train Acc:0.3403 Val Acc:0.2927
2026-08-10 09:19:00 - INFO - A02 Epoch 36 | Train Acc:0.3508 Val Acc:0.2683
2026-08-10 09:19:00 - INFO - A02 Epoch 37 | Train Acc:0.3141 Val Acc:0.3171
2026-08-10 09:19:01 - INFO - A02 Epoch 38 | Train Acc:0.3613 Val Acc:0.3415
2026-08-10 09:19:01 - INFO - A02 Epoch 39 | Train Acc:0.3613 Val Acc:0.2683
2026-08-10 09:19:01 - INFO - A02 Epoch 40 | Train Acc:0.3403 Val Acc:0.2927
2026-08-10 09:19:01 - INFO - A02 Epoch 41 | Train Acc:0.3298 Val Acc:0.3659
2026-08-10 09:19:02 - INFO - A02 Epoch 42 | Train Acc:0.3665 Val Acc:0.3415
2026-08-10 09:19:02 - INFO - A02 Epoch 43 | Train Acc:0.3822 Val Acc:0.2683
2026-08-10 09:19:02 - INFO - A02 Epoch 44 | Train Acc:0.3351 Val Acc:0.2683
2026-08-10 09:19:02 - INFO - A02 Epoch 45 | Train Acc:0.3822 Val Acc:0.2683
2026-08-10 09:19:03 - INFO - A02 Epoch 46 | Train Acc:0.3770 Val Acc:0.2683
2026-08-10 09:19:03 - INFO - A02 Epoch 47 | Train Acc:0.3717 Val Acc:0.3171
2026-08-10 09:19:03 - INFO - A02 Epoch 48 | Train Acc:0.3770 Val Acc:0.3659
2026-08-10 09:19:03 - INFO - A02 Epoch 49 | Train Acc:0.3246 Val Acc:0.3902
2026-08-10 09:19:04 - INFO - A02 Epoch 50 | Train Acc:0.3560 Val Acc:0.3659
2026-08-10 09:19:04 - INFO - A02 Epoch 51 | Train Acc:0.3613 Val Acc:0.3415
2026-08-10 09:19:04 - INFO - A02 Epoch 52 | Train Acc:0.3194 Val Acc:0.3415
2026-08-10 09:19:04 - INFO - A02 Epoch 53 | Train Acc:0.3246 Val Acc:0.3659
2026-08-10 09:19:05 - INFO - A02 Epoch 54 | Train Acc:0.3717 Val Acc:0.3171
2026-08-10 09:19:05 - INFO - A02 Epoch 55 | Train Acc:0.3717 Val Acc:0.3171
2026-08-10 09:19:05 - INFO - A02 Epoch 56 | Train Acc:0.3560 Val Acc:0.3171
2026-08-10 09:19:06 - INFO - A02 Epoch 57 | Train Acc:0.3455 Val Acc:0.3171
2026-08-10 09:19:06 - INFO - A02 Epoch 58 | Train Acc:0.3717 Val Acc:0.3171
2026-08-10 09:19:06 - INFO - A02 Epoch 59 | Train Acc:0.3822 Val Acc:0.3171
2026-08-10 09:19:06 - INFO - A02 Epoch 60 | Train Acc:0.4136 Val Acc:0.3171
2026-08-10 09:19:07 - INFO - A02 Epoch 61 | Train Acc:0.3613 Val Acc:0.3415
2026-08-10 09:19:07 - INFO - A02 Epoch 62 | Train Acc:0.3455 Val Acc:0.2927
2026-08-10 09:19:07 - INFO - A02 Epoch 63 | Train Acc:0.3089 Val Acc:0.3171
2026-08-10 09:19:07 - INFO - A02 Epoch 64 | Train Acc:0.3560 Val Acc:0.3171
2026-08-10 09:19:08 - INFO - A02 Epoch 65 | Train Acc:0.3770 Val Acc:0.3415
2026-08-10 09:19:08 - INFO - A02 Epoch 66 | Train Acc:0.3717 Val Acc:0.3415
2026-08-10 09:19:08 - INFO - A02 Epoch 67 | Train Acc:0.3717 Val Acc:0.2683
2026-08-10 09:19:08 - INFO - A02 Epoch 68 | Train Acc:0.3927 Val Acc:0.3171
2026-08-10 09:19:09 - INFO - A02 Epoch 69 | Train Acc:0.3665 Val Acc:0.3415
2026-08-10 09:19:09 - INFO - A02 Epoch 70 | Train Acc:0.3037 Val Acc:0.2683
2026-08-10 09:19:09 - INFO - A02 Epoch 71 | Train Acc:0.3403 Val Acc:0.3415
2026-08-10 09:19:09 - INFO - A02 Epoch 72 | Train Acc:0.3770 Val Acc:0.2927
2026-08-10 09:19:10 - INFO - A02 Epoch 73 | Train Acc:0.3874 Val Acc:0.2927
2026-08-10 09:19:10 - INFO - A02 Epoch 74 | Train Acc:0.4031 Val Acc:0.2683
2026-08-10 09:19:10 - INFO - A02 Epoch 75 | Train Acc:0.3874 Val Acc:0.3415
2026-08-10 09:19:11 - INFO - A02 Epoch 76 | Train Acc:0.4136 Val Acc:0.2927
2026-08-10 09:19:11 - INFO - A02 Epoch 77 | Train Acc:0.3979 Val Acc:0.3415
2026-08-10 09:19:11 - INFO - A02 Epoch 78 | Train Acc:0.4293 Val Acc:0.4146
2026-08-10 09:19:11 - INFO - A02 Epoch 79 | Train Acc:0.3822 Val Acc:0.2195
2026-08-10 09:19:12 - INFO - A02 Epoch 80 | Train Acc:0.4136 Val Acc:0.3902
2026-08-10 09:19:12 - INFO - A02 Epoch 81 | Train Acc:0.3979 Val Acc:0.3171
2026-08-10 09:19:12 - INFO - A02 Epoch 82 | Train Acc:0.4450 Val Acc:0.3415
2026-08-10 09:19:13 - INFO - A02 Epoch 83 | Train Acc:0.4188 Val Acc:0.3659
2026-08-10 09:19:13 - INFO - A02 Epoch 84 | Train Acc:0.3613 Val Acc:0.3902
2026-08-10 09:19:13 - INFO - A02 Epoch 85 | Train Acc:0.3927 Val Acc:0.3171
2026-08-10 09:19:13 - INFO - A02 Epoch 86 | Train Acc:0.3665 Val Acc:0.3171
2026-08-10 09:19:14 - INFO - A02 Epoch 87 | Train Acc:0.4660 Val Acc:0.3415
2026-08-10 09:19:14 - INFO - A02 Epoch 88 | Train Acc:0.3979 Val Acc:0.3415
2026-08-10 09:19:14 - INFO - A02 Epoch 89 | Train Acc:0.4084 Val Acc:0.3415
2026-08-10 09:19:14 - INFO - A02 Epoch 90 | Train Acc:0.4398 Val Acc:0.2683
2026-08-10 09:19:15 - INFO - A02 Epoch 91 | Train Acc:0.4607 Val Acc:0.3171
2026-08-10 09:19:15 - INFO - A02 Epoch 92 | Train Acc:0.4764 Val Acc:0.3171
2026-08-10 09:19:15 - INFO - A02 Epoch 93 | Train Acc:0.4450 Val Acc:0.2927
2026-08-10 09:19:15 - INFO - A02 Epoch 94 | Train Acc:0.4503 Val Acc:0.3171
2026-08-10 09:19:16 - INFO - A02 Epoch 95 | Train Acc:0.4712 Val Acc:0.2683
2026-08-10 09:19:16 - INFO - A02 Epoch 96 | Train Acc:0.4607 Val Acc:0.3659
2026-08-10 09:19:16 - INFO - A02 Epoch 97 | Train Acc:0.4241 Val Acc:0.3902
2026-08-10 09:19:16 - INFO - A02 Epoch 98 | Train Acc:0.4555 Val Acc:0.3171
2026-08-10 09:19:17 - INFO - A02 Epoch 99 | Train Acc:0.4241 Val Acc:0.3171
2026-08-10 09:19:17 - INFO - A02 Epoch 100 | Train Acc:0.4555 Val Acc:0.3171
2026-08-10 09:19:18 - INFO - A02 Fixed Train Finished | Test Acc = 0.3415
2026-08-10 09:19:19 - INFO - A03 | Train:196 Val:42 Test:43
2026-08-10 09:19:19 - INFO - 
==== Start Train Fixed A03 ====
2026-08-10 09:19:19 - INFO - A03 Epoch 01 | Train Acc:0.3367 Val Acc:0.2619
2026-08-10 09:19:19 - INFO - A03 Epoch 02 | Train Acc:0.3112 Val Acc:0.2857
2026-08-10 09:19:19 - INFO - A03 Epoch 03 | Train Acc:0.4490 Val Acc:0.3810
2026-08-10 09:19:20 - INFO - A03 Epoch 04 | Train Acc:0.4235 Val Acc:0.5476
2026-08-10 09:19:20 - INFO - A03 Epoch 05 | Train Acc:0.4388 Val Acc:0.4524
2026-08-10 09:19:20 - INFO - A03 Epoch 06 | Train Acc:0.5102 Val Acc:0.4524
2026-08-10 09:19:21 - INFO - A03 Epoch 07 | Train Acc:0.4949 Val Acc:0.4524
2026-08-10 09:19:21 - INFO - A03 Epoch 08 | Train Acc:0.4898 Val Acc:0.4048
2026-08-10 09:19:21 - INFO - A03 Epoch 09 | Train Acc:0.5051 Val Acc:0.4048
2026-08-10 09:19:21 - INFO - A03 Epoch 10 | Train Acc:0.5867 Val Acc:0.4762
2026-08-10 09:19:22 - INFO - A03 Epoch 11 | Train Acc:0.5612 Val Acc:0.4762
2026-08-10 09:19:22 - INFO - A03 Epoch 12 | Train Acc:0.5306 Val Acc:0.4762
2026-08-10 09:19:22 - INFO - A03 Epoch 13 | Train Acc:0.5561 Val Acc:0.4762
2026-08-10 09:42:16 - INFO - A01 | Train:179 Val:38 Test:39
2026-08-10 09:43:29 - INFO - A01 | Train:179 Val:38 Test:39
2026-08-10 09:44:30 - INFO - A01 | Train:179 Val:38 Test:39
